Workbook

Sheet Academic
J1: No. of Teachers | K1: No. of Students
I2: 51 - St. nicholas International Schools, Pelawatta, Colombo | J2: =COUNTIF(B10:B1048576,51) -> 38 | W2: =DATE(V2,U2,T2) -> #NUM!
I3: 52 - St. Nicholas International School, Negombo | J3: =COUNTIF(B10:B1048576,52) -> 112
I4: 53 - St. Thomas International School, Seeduwa | J4: =COUNTIF(B10:B1048576,53) -> 132 | K4: COUNTIF(B16:B1048576,51) 52, 53, 54 | AB4: 60 years | AC4: 21915 days
I5: 54 - St. Michelle's College, Negombo | J5: =COUNTIF(B10:B1048576,54) -> 22 | L5: Over 60 y
L6: 59 - 60 y
G7: =TODAY() -> 46027 | I7: Total No. of Teachers | J7: =SUM(J2:J5) -> 304
A8: Personal Identification Number | E8: Teacher Identification Number (TIN) | F8: Present Category (Confirmed/Contract) | G8: Name in Full | H8: Designation | I8: Home Address | J8: NIC Number | K8: Religion | L8: Telephone Numbers | M8: Email | N8: Date of Birth | T8: Date of First Appointment | Z8: Present Service | AC8: Present Service | AD8: Retirement Date | AM8: GM's Interview and Confirmation Letter | AO8: Confirmation effective from | AP8: No conrimation letter | AQ8: Fixed Term Contract -006 | AR8: Temporary Cadre 007 | AS8: No File | AT8: Resigned
N9: Date | O9: Month | P9: Year | Q9: Date of Birth | R9: Age | T9: Date | U9: Month | V9: Year | W9: Date of First Appointment | Z9: Years | AA9: Months | AB9: Days | AE9: Years | AF9: Months | AG9: Days | AJ9: Years | AK9: Months | AL9: Days | AM9: Interviewed on | AN9: Appointment Effective from | AO9: Confirmation effective from
A10: 1 | B10: 051 | C10: 001 | D10: 0001 | E10: =CONCATENATE(A10,"/",B10,"/",C10,"/",D10) -> 1/051/001/0001 | F10: Confirmed | G10: Rev. Fr. Samith Rangana | H10: Rector | I10: St. John Dal Bastone Church, Church Rd, Pelawatte, Battaramulla | K10: Roman Catholic | S10: Male | T10: 25 | U10: 10 | V10: 2023 | W10: =DATE(V10,U10,T10) -> 45224 | X10: Yes
A11: 1 | B11: 051 | C11: 002 | D11: 0002 | E11: =CONCATENATE(A11,"/",B11,"/",C11,"/",D11) -> 1/051/002/0002 | F11: Contract | G11: Rev. Sr. Clotilda Fernando | H11: Teacher | I11: Sisters of the Cross, Havelock Rd, Col 5 | J11: 517420328V | K11: Roman Catholic | L11: 0711640880 | M11: clotildafernando@gmail.com | N11: 29 | O11: 08 | P11: 1951 | Q11: =DATE(P11,O11,N11) -> 18869 | R11: =($G$7-Q11)/365 -> 74.405479 | S11: Female | T11: 02 | U11: 09 | V11: 2019 | W11: =DATE(V11,U11,T11) -> 43710 | X11: Yes | Y11: Yes | Z11: =DATEDIF(W11,G7,"Y") -> 6 | AA11: =DATEDIF(W11,G7,"YM") -> 4 | AB11: =DATEDIF(W11,TODAY(),"MD") -> 3 | AC11: =CONCATENATE(Z11,"Years","/",,AA11,"Months","/",AB11,"Days") -> 6Years/4Months/3Days | AD11: =(DATE(P11,O11,N11)+21915) -> 40784 | AE11: =DATEDIF(TODAY(),AD11,"Y") -> #NUM! | AF11: =DATEDIF(TODAY(),AD11,"YM") -> #NUM! | AG11: =DATEDIF(TODAY(),AD11,"MD") -> #NUM! | AH11: =CONCATENATE(AE11,"Years","/",AF11,"Months","/",AG11,"Days") -> #NUM! | AI11: =CONCATENATE(AJ11,"years", " ",",", " ",AK11,"months ","and"," ",AL11,"days") -> #NUM! | AJ11: =DATEDIF(W11,AD11,"Y") -> #NUM! | AK11: =DATEDIF(W11,AD11,"YM") -> #NUM! | AL11: =DATEDIF(W11,AD11,"MD") -> #NUM!
A12: 1 | B12: 051 | C12: 003 | D12: 0003 | E12: =CONCATENATE(A12,"/",B12,"/",C12,"/",D12) -> 1/051/003/0003 | F12: Probation | G12: Rev. Sr. Thanuja Fernandopulle | H12: Teacher | I12: Bethany house, Thalangama South, Pelawatte, Battaramulla | J12: 977243793V | K12: Roman Catholic | L12: 07423525877 | M12: stthanuja1997@gmail.com | N12: 11 | O12: 08 | P12: 1997 | Q12: =DATE(P12,O12,N12) -> 35653 | R12: =($G$7-Q12)/365 -> 28.421918 | S12: Female | T12: 03 | U12: 01 | V12: 2023 | W12: =DATE(V12,U12,T12) -> 44929 | X12: No | Z12: =DATEDIF(W12,G7,"Y") -> 3 | AA12: =DATEDIF(W12,G7,"YM") -> 0 | AB12: =DATEDIF(W12,TODAY(),"MD") -> 2 | AC12: =CONCATENATE(Z12,"Years","/",,AA12,"Months","/",AB12,"Days") -> 3Years/0Months/2Days | AD12: =(DATE(P12,O12,N12)+21915) -> 57568 | AE12: =DATEDIF(TODAY(),AD12,"Y") -> 31 | AF12: =DATEDIF(TODAY(),AD12,"YM") -> 7 | AG12: =DATEDIF(TODAY(),AD12,"MD") -> 6 | AH12: =CONCATENATE(AE12,"Years","/",AF12,"Months","/",AG12,"Days") -> 31Years/7Months/6Days | AI12: =CONCATENATE(AJ12,"years", " ",",", " ",AK12,"months ","and"," ",AL12,"days") -> 34years , 7months and 8days | AJ12: =DATEDIF(W12,AD12,"Y") -> 34 | AK12: =DATEDIF(W12,AD12,"YM") -> 7 | AL12: =DATEDIF(W12,AD12,"MD") -> 8
A13: 1 | B13: 051 | C13: 004 | D13: 0004 | E13: =CONCATENATE(A13,"/",B13,"/",C13,"/",D13) -> 1/051/004/0004 | G13: Rebecca Juliana Pavey | H13: Teacher | I13: No. 44, Rajamahavihara Road, Pita Kotte, Kotte | J13: 200165410135 | K13: Roman Catholic | L13: 741217723 | M13: rebeccajuliana.p@gmail.com | N13: 2 | O13: 6 | P13: 2001 | Q13: =DATE(P13,O13,N13) -> 37044 | R13: =($G$7-Q13)/365 -> 24.610959 | S13: Female | T13: 19 | U13: 5 | V13: 2025 | W13: =DATE(V13,U13,T13) -> 45796 | Z13: =DATEDIF(#REF!,TODAY(),"Y") -> #REF! | AA13: =DATEDIF(#REF!,TODAY(),"YM") -> #REF! | AB13: =DATEDIF(#REF!,TODAY(),"MD") -> #REF! | AC13: =CONCATENATE(Z13,"Years","/",,AA13,"Months","/",AB13,"Days") -> #REF! | AD13: =(DATE(P13,O13,N13)+21915) -> 58959 | AE13: =DATEDIF(TODAY(),AD13,"Y") -> 35 | AF13: =DATEDIF(TODAY(),AD13,"YM") -> 4 | AG13: =DATEDIF(TODAY(),AD13,"MD") -> 28 | AH13: =CONCATENATE(AE13,"Years","/",AF13,"Months","/",AG13,"Days") -> 35Years/4Months/28Days | AI13: =CONCATENATE(AJ13,"years", " ",",", " ",AK13,"months ","and"," ",AL13,"days") -> 36years , 0months and 14days | AJ13: =DATEDIF(W13,AD13,"Y") -> 36 | AK13: =DATEDIF(W13,AD13,"YM") -> 0 | AL13: =DATEDIF(W13,AD13,"MD") -> 14
A14: 1 | B14: 051 | C14: 005 | D14: 0005 | E14: =CONCATENATE(A14,"/",B14,"/",C14,"/",D14) -> 1/051/005/0005 | F14: Contract | G14: F. R. Ludowyke | H14: Teacher | I14: 60/2, Shalawa Road, Mirihana, Nugegoda | J14: 566196885v | K14: Roman Catholic | L14: 0774959348 | M14: franciscaludowyke@gmail.com | N14: 28 | O14: 04 | P14: 1956 | Q14: =DATE(P14,O14,N14) -> 20573 | R14: =($G$7-Q14)/365 -> 69.736986 | S14: Female | T14: 01 | U14: 01 | V14: 2014 | W14: =DATE(V14,U14,T14) -> 41640 | X14: Yes | Y14: Yes | Z14: =DATEDIF(W14,TODAY(),"Y") -> 12 | AA14: =DATEDIF(W14,TODAY(),"YM") -> 0 | AB14: =DATEDIF(W14,TODAY(),"MD") -> 4 | AC14: =CONCATENATE(Z14,"Years","/",,AA14,"Months","/",AB14,"Days") -> 12Years/0Months/4Days | AD14: =(DATE(P14,O14,N14)+21915) -> 42488 | AH14: =CONCATENATE(AE14,"Years","/",AF14,"Months","/",AG14,"Days") -> Years/Months/Days | AI14: =CONCATENATE(AJ14,"years", " ",",", " ",AK14,"months ","and"," ",AL14,"days") -> 2years , 3months and 27days | AJ14: =DATEDIF(W14,AD14,"Y") -> 2 | AK14: =DATEDIF(W14,AD14,"YM") -> 3 | AL14: =DATEDIF(W14,AD14,"MD") -> 27
A15: 1 | B15: 051 | C15: 006 | D15: 0006 | E15: =CONCATENATE(A15,"/",B15,"/",C15,"/",D15) -> 1/051/006/0006 | F15: Contract | G15: Mirani Dissanayake | H15: Teacher | I15: 6/15, Church Gardens, Mahamegawatte, Maharagama | J15: 525761509v | K15: Roman Catholic | L15: 0776571788 | M15: hycinth.mirani@gmail.com | N15: 16 | O15: 03 | P15: 1952 | Q15: =DATE(P15,O15,N15) -> 19069 | R15: =($G$7-Q15)/365 -> 73.857534 | S15: Female | T15: 01 | U15: 04 | V15: 2013 | W15: =DATE(V15,U15,T15) -> 41365 | X15: Yes | Y15: Yes | Z15: =DATEDIF(W15,TODAY(),"Y") -> 12 | AA15: =DATEDIF(W15,TODAY(),"YM") -> 9 | AB15: =DATEDIF(W15,TODAY(),"MD") -> 4 | AC15: =CONCATENATE(Z15,"Years","/",,AA15,"Months","/",AB15,"Days") -> 12Years/9Months/4Days | AD15: =(DATE(P15,O15,N15)+21915) -> 40984 | AE15: =DATEDIF(TODAY(),AD15,"Y") -> #NUM! | AF15: =DATEDIF(TODAY(),AD15,"YM") -> #NUM! | AG15: =DATEDIF(TODAY(),AD15,"MD") -> #NUM! | AH15: =CONCATENATE(AE15,"Years","/",AF15,"Months","/",AG15,"Days") -> #NUM! | AI15: =CONCATENATE(AJ15,"years", " ",",", " ",AK15,"months ","and"," ",AL15,"days") -> #NUM! | AJ15: =DATEDIF(W15,AD15,"Y") -> #NUM! | AK15: =DATEDIF(W15,AD15,"YM") -> #NUM! | AL15: =DATEDIF(W15,AD15,"MD") -> #NUM!
A16: 1 | B16: 051 | C16: 007 | D16: 0007 | E16: =CONCATENATE(A16,"/",B16,"/",C16,"/",D16) -> 1/051/007/0007 | F16: Confirmed | G16: Prasanna Samarawickrama | H16: Teacher | I16: 6/23, Albion Lane, Colombo 9 | J16: 663390260v | K16: Buddhist | L16: 0771935348 | M16: prasannasa@gmail.com | N16: 04 | O16: 12 | P16: 1966 | Q16: =DATE(P16,O16,N16) -> 24445 | R16: =($G$7-Q16)/365 -> 59.128767 | S16: Male | T16: 14 | U16: 01 | V16: 2013 | W16: =DATE(V16,U16,T16) -> 41288 | X16: Yes | Z16: =DATEDIF(W16,TODAY(),"Y") -> 12 | AA16: =DATEDIF(W16,TODAY(),"YM") -> 11 | AB16: =DATEDIF(W16,TODAY(),"MD") -> 22 | AC16: =CONCATENATE(Z16,"Years","/",,AA16,"Months","/",AB16,"Days") -> 12Years/11Months/22Days | AD16: =(DATE(P16,O16,N16)+21915) -> 46360 | AE16: =DATEDIF(TODAY(),AD16,"Y") -> 0 | AF16: =DATEDIF(TODAY(),AD16,"YM") -> 10 | AG16: =DATEDIF(TODAY(),AD16,"MD") -> 29 | AH16: =CONCATENATE(AE16,"Years","/",AF16,"Months","/",AG16,"Days") -> 0Years/10Months/29Days | AI16: =CONCATENATE(AJ16,"years", " ",",", " ",AK16,"months ","and"," ",AL16,"days") -> 13years , 10months and 20days | AJ16: =DATEDIF(W16,AD16,"Y") -> 13 | AK16: =DATEDIF(W16,AD16,"YM") -> 10 | AL16: =DATEDIF(W16,AD16,"MD") -> 20
A17: 1 | B17: 051 | C17: 008 | D17: 0008 | E17: =CONCATENATE(A17,"/",B17,"/",C17,"/",D17) -> 1/051/008/0008 | F17: Confirmed | G17: Nilmini Perera | H17: Teacher | I17: 37/1/1A, 1st Lane, Dambawela Rd, Ampitiya, Kandy | J17: 828022652v | K17: Roman Catholic | L17: 0772847282 | M17: Nilmini28@gmail.com | N17: 28 | O17: 10 | P17: 1982 | Q17: =DATE(P17,O17,N17) -> 30252 | R17: =($G$7-Q17)/365 -> 43.219178 | S17: Female | T17: 23 | U17: 09 | V17: 2013 | W17: =DATE(V17,U17,T17) -> 41540 | X17: Yes | Z17: =DATEDIF(W17,TODAY(),"Y") -> 12 | AA17: =DATEDIF(W17,TODAY(),"YM") -> 3 | AB17: =DATEDIF(W17,TODAY(),"MD") -> 13 | AC17: =CONCATENATE(Z17,"Years","/",,AA17,"Months","/",AB17,"Days") -> 12Years/3Months/13Days | AD17: =(DATE(P17,O17,N17)+21915) -> 52167 | AE17: =DATEDIF(TODAY(),AD17,"Y") -> 16 | AF17: =DATEDIF(TODAY(),AD17,"YM") -> 9 | AG17: =DATEDIF(TODAY(),AD17,"MD") -> 23 | AH17: =CONCATENATE(AE17,"Years","/",AF17,"Months","/",AG17,"Days") -> 16Years/9Months/23Days | AI17: =CONCATENATE(AJ17,"years", " ",",", " ",AK17,"months ","and"," ",AL17,"days") -> 29years , 1months and 5days | AJ17: =DATEDIF(W17,AD17,"Y") -> 29 | AK17: =DATEDIF(W17,AD17,"YM") -> 1 | AL17: =DATEDIF(W17,AD17,"MD") -> 5
A18: 1 | B18: 051 | C18: 009 | D18: 0009 | E18: =CONCATENATE(A18,"/",B18,"/",C18,"/",D18) -> 1/051/009/0009 | F18: Confirmed | G18: Nemini Wanigasekara | H18: Teacher | I18: 16/1, Bakmeegolla, Ibbagamuwa | J18: 908500326v | K18: Roman Catholic | L18: 0773015501 | M18: nemini.snic@gmail.com | N18: 15 | O18: 12 | P18: 1990 | Q18: =DATE(P18,O18,N18) -> 33222 | R18: =($G$7-Q18)/365 -> 35.082192 | S18: Female | T18: 03 | U18: 11 | V18: 2014 | W18: =DATE(V18,U18,T18) -> 41946 | X18: Yes | Z18: =DATEDIF(W18,TODAY(),"Y") -> 11 | AA18: =DATEDIF(W18,TODAY(),"YM") -> 2 | AB18: =DATEDIF(W18,TODAY(),"MD") -> 2 | AC18: =CONCATENATE(Z18,"Years","/",,AA18,"Months","/",AB18,"Days") -> 11Years/2Months/2Days | AD18: =(DATE(P18,O18,N18)+21915) -> 55137 | AE18: =DATEDIF(TODAY(),AD18,"Y") -> 24 | AF18: =DATEDIF(TODAY(),AD18,"YM") -> 11 | AG18: =DATEDIF(TODAY(),AD18,"MD") -> 10 | AH18: =CONCATENATE(AE18,"Years","/",AF18,"Months","/",AG18,"Days") -> 24Years/11Months/10Days | AI18: =CONCATENATE(AJ18,"years", " ",",", " ",AK18,"months ","and"," ",AL18,"days") -> 36years , 1months and 12days | AJ18: =DATEDIF(W18,AD18,"Y") -> 36 | AK18: =DATEDIF(W18,AD18,"YM") -> 1 | AL18: =DATEDIF(W18,AD18,"MD") -> 12
A19: 1 | B19: 051 | C19: 010 | D19: 0010 | E19: =CONCATENATE(A19,"/",B19,"/",C19,"/",D19) -> 1/051/010/0010 | F19: Confirmed | G19: Marietta Hingert | H19: Teacher | J19: 866331669v | K19: Roman Catholic | L19: 0766783274 | M19: mariettahing@gmail.com | N19: 12 | O19: 05 | P19: 1986 | Q19: =DATE(P19,O19,N19) -> 31544 | R19: =($G$7-Q19)/365 -> 39.679452 | S19: Female | T19: 04 | U19: 01 | V19: 2016 | W19: =DATE(V19,U19,T19) -> 42373 | X19: Yes | Z19: =DATEDIF(W19,TODAY(),"Y") -> 10 | AA19: =DATEDIF(W19,TODAY(),"YM") -> 0 | AB19: =DATEDIF(W19,TODAY(),"MD") -> 1 | AC19: =CONCATENATE(Z19,"Years","/",,AA19,"Months","/",AB19,"Days") -> 10Years/0Months/1Days | AD19: =(DATE(P19,O19,N19)+21915) -> 53459 | AE19: =DATEDIF(TODAY(),AD19,"Y") -> 20 | AF19: =DATEDIF(TODAY(),AD19,"YM") -> 4 | AG19: =DATEDIF(TODAY(),AD19,"MD") -> 7 | AH19: =CONCATENATE(AE19,"Years","/",AF19,"Months","/",AG19,"Days") -> 20Years/4Months/7Days | AI19: =CONCATENATE(AJ19,"years", " ",",", " ",AK19,"months ","and"," ",AL19,"days") -> 30years , 4months and 8days | AJ19: =DATEDIF(W19,AD19,"Y") -> 30 | AK19: =DATEDIF(W19,AD19,"YM") -> 4 | AL19: =DATEDIF(W19,AD19,"MD") -> 8
A20: 1 | B20: 051 | C20: 011 | D20: 0011 | E20: =CONCATENATE(A20,"/",B20,"/",C20,"/",D20) -> 1/051/011/0011 | F20: Confirmed | G20: Gayathri Arasaratnam | H20: Teacher | I20: 12-1/5, Station Rd, Wellawatte, Colombo 6 | J20: 808213109v | K20: Hindu | L20: 0776943137 | M20: gayaoneness@gmail.com | N20: 16 | O20: 11 | P20: 1980 | Q20: =DATE(P20,O20,N20) -> 29541 | R20: =($G$7-Q20)/365 -> 45.167123 | S20: Female | T20: 28 | U20: 04 | V20: 2016 | W20: =DATE(V20,U20,T20) -> 42488 | X20: Yes | Z20: =DATEDIF(W20,TODAY(),"Y") -> 9 | AA20: =DATEDIF(W20,TODAY(),"YM") -> 8 | AB20: =DATEDIF(W20,TODAY(),"MD") -> 8 | AC20: =CONCATENATE(Z20,"Years","/",,AA20,"Months","/",AB20,"Days") -> 9Years/8Months/8Days | AD20: =(DATE(P20,O20,N20)+21915) -> 51456 | AE20: =DATEDIF(TODAY(),AD20,"Y") -> 14 | AF20: =DATEDIF(TODAY(),AD20,"YM") -> 10 | AG20: =DATEDIF(TODAY(),AD20,"MD") -> 11 | AH20: =CONCATENATE(AE20,"Years","/",AF20,"Months","/",AG20,"Days") -> 14Years/10Months/11Days | AI20: =CONCATENATE(AJ20,"years", " ",",", " ",AK20,"months ","and"," ",AL20,"days") -> 24years , 6months and 19days | AJ20: =DATEDIF(W20,AD20,"Y") -> 24 | AK20: =DATEDIF(W20,AD20,"YM") -> 6 | AL20: =DATEDIF(W20,AD20,"MD") -> 19
A21: 1 | B21: 051 | C21: 012 | D21: 0012 | E21: =CONCATENATE(A21,"/",B21,"/",C21,"/",D21) -> 1/051/012/0012 | F21: Confirmed | G21: Thilashni Perera | H21: Teacher | I21: 262/2, St. Francis lane, Dalugama, Kelaniya | J21: 198364501112 | K21: Roman Catholic | L21: 0760718748 | M21: pererathilashni@gmail.com | N21: 24 | O21: 05 | P21: 1983 | Q21: =DATE(P21,O21,N21) -> 30460 | R21: =($G$7-Q21)/365 -> 42.649315 | S21: Female | T21: 01 | U21: 09 | V21: 2016 | W21: =DATE(V21,U21,T21) -> 42614 | X21: Yes | Z21: =DATEDIF(W21,TODAY(),"Y") -> 9 | AA21: =DATEDIF(W21,TODAY(),"YM") -> 4 | AB21: =DATEDIF(W21,TODAY(),"MD") -> 4 | AC21: =CONCATENATE(Z21,"Years","/",,AA21,"Months","/",AB21,"Days") -> 9Years/4Months/4Days | AD21: =(DATE(P21,O21,N21)+21915) -> 52375 | AE21: =DATEDIF(TODAY(),AD21,"Y") -> 17 | AF21: =DATEDIF(TODAY(),AD21,"YM") -> 4 | AG21: =DATEDIF(TODAY(),AD21,"MD") -> 19 | AH21: =CONCATENATE(AE21,"Years","/",AF21,"Months","/",AG21,"Days") -> 17Years/4Months/19Days | AI21: =CONCATENATE(AJ21,"years", " ",",", " ",AK21,"months ","and"," ",AL21,"days") -> 26years , 8months and 23days | AJ21: =DATEDIF(W21,AD21,"Y") -> 26 | AK21: =DATEDIF(W21,AD21,"YM") -> 8 | AL21: =DATEDIF(W21,AD21,"MD") -> 23
A22: 1 | B22: 051 | C22: 013 | D22: 0013 | E22: =CONCATENATE(A22,"/",B22,"/",C22,"/",D22) -> 1/051/013/0013 | F22: Confirmed | G22: R.M. Nafeel | H22: Teacher | I22: 78, Nanayakkara Mw, Rajagiriya | J22: 902421904v | K22: Muslim | L22: 0774920729 | M22: muhamednafeel@gmail.com | N22: 29 | O22: 08 | P22: 1990 | Q22: =DATE(P22,O22,N22) -> 33114 | R22: =($G$7-Q22)/365 -> 35.378082 | S22: Male | T22: 04 | U22: 09 | V22: 2017 | W22: =DATE(V22,U22,T22) -> 42982 | X22: Yes | Z22: =DATEDIF(W22,TODAY(),"Y") -> 8 | AA22: =DATEDIF(W22,TODAY(),"YM") -> 4 | AB22: =DATEDIF(W22,TODAY(),"MD") -> 1 | AC22: =CONCATENATE(Z22,"Years","/",,AA22,"Months","/",AB22,"Days") -> 8Years/4Months/1Days | AD22: =(DATE(P22,O22,N22)+21915) -> 55029 | AE22: =DATEDIF(TODAY(),AD22,"Y") -> 24 | AF22: =DATEDIF(TODAY(),AD22,"YM") -> 7 | AG22: =DATEDIF(TODAY(),AD22,"MD") -> 24 | AH22: =CONCATENATE(AE22,"Years","/",AF22,"Months","/",AG22,"Days") -> 24Years/7Months/24Days | AI22: =CONCATENATE(AJ22,"years", " ",",", " ",AK22,"months ","and"," ",AL22,"days") -> 32years , 11months and 25days | AJ22: =DATEDIF(W22,AD22,"Y") -> 32 | AK22: =DATEDIF(W22,AD22,"YM") -> 11 | AL22: =DATEDIF(W22,AD22,"MD") -> 25
A23: 1 | B23: 051 | C23: 014 | D23: 0014 | E23: =CONCATENATE(A23,"/",B23,"/",C23,"/",D23) -> 1/051/014/0014 | F23: Probation | G23: Samanthi Sujeewa Perera | H23: Teacher | I23: No. 435/B1, Thalangama South, Akuregoda, Battramulla | J23: 708521833V | K23: Buddhist | L23: 718182371 | M23: samanthi.sperera@gmail.com | N23: 17 | O23: 12 | P23: 1970 | Q23: =DATE(P23,O23,N23) -> 25919 | R23: =($G$7-Q23)/365 -> 55.090411 | S23: Female | T23: 01 | U23: 09 | V23: 2025 | W23: =DATE(V23,U23,T23) -> 45901 | Z23: =DATEDIF(W23,TODAY(),"Y") -> 0 | AA23: =DATEDIF(W23,TODAY(),"YM") -> 4 | AB23: =DATEDIF(W23,TODAY(),"MD") -> 4 | AC23: =CONCATENATE(Z23,"Years","/",,AA23,"Months","/",AB23,"Days") -> 0Years/4Months/4Days | AD23: =(DATE(P23,O23,N23)+21915) -> 47834 | AE23: =DATEDIF(TODAY(),AD23,"Y") -> 4 | AF23: =DATEDIF(TODAY(),AD23,"YM") -> 11 | AG23: =DATEDIF(TODAY(),AD23,"MD") -> 12 | AH23: =CONCATENATE(AE23,"Years","/",AF23,"Months","/",AG23,"Days") -> 4Years/11Months/12Days | AI23: =CONCATENATE(AJ23,"years", " ",",", " ",AK23,"months ","and"," ",AL23,"days") -> 5years , 3months and 16days | AJ23: =DATEDIF(W23,AD23,"Y") -> 5 | AK23: =DATEDIF(W23,AD23,"YM") -> 3 | AL23: =DATEDIF(W23,AD23,"MD") -> 16 | AT23: Resigned
A24: 1 | B24: 051 | C24: 015 | D24: 0015 | E24: =CONCATENATE(A24,"/",B24,"/",C24,"/",D24) -> 1/051/015/0015 | F24: Probation | G24: Weerakoon Mohottige Nushari Maleesha | H24: Teacher | I24: 944/18, Municipal Council Road, Battaramulla | J24: 199786210020 | K24: Roman Catholic | L24: 775882870 | M24: nushariweerakoon@gmail.com | N24: 27 | O24: 12 | P24: 1997 | Q24: =DATE(P24,O24,N24) -> 35791 | R24: =($G$7-Q24)/365 -> 28.043836 | S24: Female | T24: 12 | U24: 09 | V24: 2025 | W24: =DATE(V24,U24,T24) -> 45912 | Z24: =DATEDIF(W24,TODAY(),"Y") -> 0 | AA24: =DATEDIF(W24,TODAY(),"YM") -> 3 | AB24: =DATEDIF(W24,TODAY(),"MD") -> 24 | AC24: =CONCATENATE(Z24,"Years","/",,AA24,"Months","/",AB24,"Days") -> 0Years/3Months/24Days | AD24: =(DATE(P24,O24,N24)+21915) -> 57706 | AE24: =DATEDIF(TODAY(),AD24,"Y") -> 31 | AF24: =DATEDIF(TODAY(),AD24,"YM") -> 11 | AG24: =DATEDIF(TODAY(),AD24,"MD") -> 22 | AH24: =CONCATENATE(AE24,"Years","/",AF24,"Months","/",AG24,"Days") -> 31Years/11Months/22Days | AI24: =CONCATENATE(AJ24,"years", " ",",", " ",AK24,"months ","and"," ",AL24,"days") -> 32years , 3months and 15days | AJ24: =DATEDIF(W24,AD24,"Y") -> 32 | AK24: =DATEDIF(W24,AD24,"YM") -> 3 | AL24: =DATEDIF(W24,AD24,"MD") -> 15
A25: 1 | B25: 051 | C25: 016 | D25: 0016 | E25: =CONCATENATE(A25,"/",B25,"/",C25,"/",D25) -> 1/051/016/0016 | F25: Contract | G25: Radha Jayawardena | H25: Teacher | I25: 107/31, Shalawa Rd, Mirihana, Nugegoda | J25: 497303958v | K25: Roman Catholic | L25: 0718293573 | M25: radharanjani@ymail.com | N25: 17 | O25: 08 | P25: 1949 | Q25: =DATE(P25,O25,N25) -> 18127 | R25: =($G$7-Q25)/365 -> 76.438356 | S25: Female | T25: 02 | U25: 03 | V25: 2020 | W25: =DATE(V25,U25,T25) -> 43892 | X25: No | Y25: Yes | Z25: =DATEDIF(W25,TODAY(),"Y") -> 5 | AA25: =DATEDIF(W25,TODAY(),"YM") -> 10 | AB25: =DATEDIF(W25,TODAY(),"MD") -> 3 | AC25: =CONCATENATE(Z25,"Years","/",,AA25,"Months","/",AB25,"Days") -> 5Years/10Months/3Days | AD25: =(DATE(P25,O25,N25)+21915) -> 40042 | AE25: =DATEDIF(TODAY(),AD25,"Y") -> #NUM! | AF25: =DATEDIF(TODAY(),AD25,"YM") -> #NUM! | AG25: =DATEDIF(TODAY(),AD25,"MD") -> #NUM! | AH25: =CONCATENATE(AE25,"Years","/",AF25,"Months","/",AG25,"Days") -> #NUM! | AI25: =CONCATENATE(AJ25,"years", " ",",", " ",AK25,"months ","and"," ",AL25,"days") -> #NUM! | AJ25: =DATEDIF(W25,AD25,"Y") -> #NUM! | AK25: =DATEDIF(W25,AD25,"YM") -> #NUM! | AL25: =DATEDIF(W25,AD25,"MD") -> #NUM!
A26: 1 | B26: 051 | C26: 017 | D26: 0017 | E26: =CONCATENATE(A26,"/",B26,"/",C26,"/",D26) -> 1/051/017/0017 | F26: Probation | G26: Kylie Goonetilleke | H26: Teacher | I26: 1044/6, Ranmal Mw, Pothuarawa Rd, Malabe | J26: 905642057v | K26: Roman Catholic | L26: 0769211990 | M26: kyliegoonetilleke90@gmail.com | N26: 04 | O26: 03 | P26: 1990 | Q26: =DATE(P26,O26,N26) -> 32936 | R26: =($G$7-Q26)/365 -> 35.865753 | S26: Female | T26: 07 | U26: 02 | V26: 2022 | W26: =DATE(V26,U26,T26) -> 44599 | X26: No | Y26: Yes | Z26: =DATEDIF(W26,TODAY(),"Y") -> 3 | AA26: =DATEDIF(W26,TODAY(),"YM") -> 10 | AB26: =DATEDIF(W26,TODAY(),"MD") -> 29 | AC26: =CONCATENATE(Z26,"Years","/",,AA26,"Months","/",AB26,"Days") -> 3Years/10Months/29Days | AD26: =(DATE(P26,O26,N26)+21915) -> 54851 | AE26: =DATEDIF(TODAY(),AD26,"Y") -> 24 | AF26: =DATEDIF(TODAY(),AD26,"YM") -> 1 | AG26: =DATEDIF(TODAY(),AD26,"MD") -> 27 | AH26: =CONCATENATE(AE26,"Years","/",AF26,"Months","/",AG26,"Days") -> 24Years/1Months/27Days | AI26: =CONCATENATE(AJ26,"years", " ",",", " ",AK26,"months ","and"," ",AL26,"days") -> 28years , 0months and 25days | AJ26: =DATEDIF(W26,AD26,"Y") -> 28 | AK26: =DATEDIF(W26,AD26,"YM") -> 0 | AL26: =DATEDIF(W26,AD26,"MD") -> 25
A27: 1 | B27: 051 | C27: 018 | D27: 0018 | E27: =CONCATENATE(A27,"/",B27,"/",C27,"/",D27) -> 1/051/018/0018 | F27: Probation | G27: Lakshika Dewathanthriarachchi | H27: Teacher | I27: 187/C/5, Expo VIP City, Siyambalagoda, Polgasowita | J27: 826360070V | K27: Roman Catholic | L27: 777480715 | M27: lakshikad82@gmail.com | N27: 15 | O27: 5 | P27: 1982 | Q27: =DATE(P27,O27,N27) -> 30086 | R27: =($G$7-Q27)/365 -> 43.673973 | S27: Female | T27: 01 | U27: 10 | V27: 2025 | W27: =DATE(V27,U27,T27) -> 45931 | Z27: =DATEDIF(W27,TODAY(),"Y") -> 0 | AA27: =DATEDIF(W27,TODAY(),"YM") -> 3 | AB27: =DATEDIF(W27,TODAY(),"MD") -> 4 | AC27: =CONCATENATE(Z27,"Years","/",,AA27,"Months","/",AB27,"Days") -> 0Years/3Months/4Days | AD27: =(DATE(P27,O27,N27)+21915) -> 52001 | AE27: =DATEDIF(TODAY(),AD27,"Y") -> 16 | AF27: =DATEDIF(TODAY(),AD27,"YM") -> 4 | AG27: =DATEDIF(TODAY(),AD27,"MD") -> 10 | AH27: =CONCATENATE(AE27,"Years","/",AF27,"Months","/",AG27,"Days") -> 16Years/4Months/10Days | AI27: =CONCATENATE(AJ27,"years", " ",",", " ",AK27,"months ","and"," ",AL27,"days") -> 16years , 7months and 14days | AJ27: =DATEDIF(W27,AD27,"Y") -> 16 | AK27: =DATEDIF(W27,AD27,"YM") -> 7 | AL27: =DATEDIF(W27,AD27,"MD") -> 14
A28: 1 | B28: 051 | C28: 019 | D28: 0019 | E28: =CONCATENATE(A28,"/",B28,"/",C28,"/",D28) -> 1/051/019/0019 | F28: Contract | G28: Tamara Perera | H28: Teacher | I28: 909/11C, Adikaram Mw, Ethulkotte | J28: 647141579v | K28: Roman Catholic | L28: 0774475424 | N28: 01 | O28: 08 | P28: 1964 | Q28: =DATE(P28,O28,N28) -> 23590 | R28: =($G$7-Q28)/365 -> 61.471233 | S28: Female | T28: 02 | U28: 01 | V28: 1996 | W28: =DATE(V28,U28,T28) -> 35066 | X28: No | Y28: Yes | Z28: =DATEDIF(W28,TODAY(),"Y") -> 30 | AA28: =DATEDIF(W28,TODAY(),"YM") -> 0 | AB28: =DATEDIF(W28,TODAY(),"MD") -> 3 | AC28: =CONCATENATE(Z28,"Years","/",,AA28,"Months","/",AB28,"Days") -> 30Years/0Months/3Days | AD28: =(DATE(P28,O28,N28)+21915) -> 45505 | AE28: =DATEDIF(TODAY(),AD28,"Y") -> #NUM! | AF28: =DATEDIF(TODAY(),AD28,"YM") -> #NUM! | AG28: =DATEDIF(TODAY(),AD28,"MD") -> #NUM! | AH28: =CONCATENATE(AE28,"Years","/",AF28,"Months","/",AG28,"Days") -> #NUM! | AI28: =CONCATENATE(AJ28,"years", " ",",", " ",AK28,"months ","and"," ",AL28,"days") -> 28years , 6months and 30days | AJ28: =DATEDIF(W28,AD28,"Y") -> 28 | AK28: =DATEDIF(W28,AD28,"YM") -> 6 | AL28: =DATEDIF(W28,AD28,"MD") -> 30
A29: 1 | B29: 051 | C29: 020 | D29: 0020 | E29: =CONCATENATE(A29,"/",B29,"/",C29,"/",D29) -> 1/051/020/0020
A30: 1 | B30: 051 | C30: 021 | D30: 0021 | E30: =CONCATENATE(A30,"/",B30,"/",C30,"/",D30) -> 1/051/021/0021 | F30: Contract | G30: Shriya Wickrama | H30: Teacher | I30: 114/A 15, Udayapura, Thalangama South, Battaramulla | J30: 645934458v | K30: Roman Catholic | L30: 0777335978 | M30: shriyawickrama@gmail.com | N30: 02 | O30: 04 | P30: 1964 | Q30: =DATE(P30,O30,N30) -> 23469 | R30: =($G$7-Q30)/365 -> 61.80274 | S30: Female | T30: 21 | U30: 10 | V30: 2002 | W30: =DATE(V30,U30,T30) -> 37550 | X30: Yes | Y30: Yes | Z30: =DATEDIF(W30,TODAY(),"Y") -> 23 | AA30: =DATEDIF(W30,TODAY(),"YM") -> 2 | AB30: =DATEDIF(W30,TODAY(),"MD") -> 15 | AC30: =CONCATENATE(Z30,"Years","/",,AA30,"Months","/",AB30,"Days") -> 23Years/2Months/15Days | AD30: =(DATE(P30,O30,N30)+21915) -> 45384 | AE30: =DATEDIF(TODAY(),AD30,"Y") -> #NUM! | AF30: =DATEDIF(TODAY(),AD30,"YM") -> #NUM! | AG30: =DATEDIF(TODAY(),AD30,"MD") -> #NUM! | AH30: =CONCATENATE(AE30,"Years","/",AF30,"Months","/",AG30,"Days") -> #NUM! | AI30: =CONCATENATE(AJ30,"years", " ",",", " ",AK30,"months ","and"," ",AL30,"days") -> 21years , 5months and 12days | AJ30: =DATEDIF(W30,AD30,"Y") -> 21 | AK30: =DATEDIF(W30,AD30,"YM") -> 5 | AL30: =DATEDIF(W30,AD30,"MD") -> 12
A31: 1 | B31: 051 | C31: 022 | D31: 0022 | E31: =CONCATENATE(A31,"/",B31,"/",C31,"/",D31) -> 1/051/022/0022 | F31: Contract | G31: Antonica Fonseka | H31: Teacher | I31: 138/D, Isidoru Mw, , Thibbatugoda, Ganemulla | J31: 626154751v | K31: Roman Catholic | L31: 0704353453 | N31: 24 | O31: 04 | P31: 1962 | Q31: =DATE(P31,O31,N31) -> 22760 | R31: =($G$7-Q31)/365 -> 63.745205 | S31: Female | T31: 05 | U31: 01 | V31: 2009 | W31: =DATE(V31,U31,T31) -> 39818 | X31: Yes | Y31: Yes | Z31: =DATEDIF(W31,TODAY(),"Y") -> 17 | AA31: =DATEDIF(W31,TODAY(),"YM") -> 0 | AB31: =DATEDIF(W31,TODAY(),"MD") -> 0 | AC31: =CONCATENATE(Z31,"Years","/",,AA31,"Months","/",AB31,"Days") -> 17Years/0Months/0Days | AD31: =(DATE(P31,O31,N31)+21915) -> 44675 | AE31: =DATEDIF(TODAY(),AD31,"Y") -> #NUM! | AF31: =DATEDIF(TODAY(),AD31,"YM") -> #NUM! | AG31: =DATEDIF(TODAY(),AD31,"MD") -> #NUM! | AH31: =CONCATENATE(AE31,"Years","/",AF31,"Months","/",AG31,"Days") -> #NUM! | AI31: =CONCATENATE(AJ31,"years", " ",",", " ",AK31,"months ","and"," ",AL31,"days") -> 13years , 3months and 19days | AJ31: =DATEDIF(W31,AD31,"Y") -> 13 | AK31: =DATEDIF(W31,AD31,"YM") -> 3 | AL31: =DATEDIF(W31,AD31,"MD") -> 19
A32: 1 | B32: 051 | C32: 023 | D32: 0023 | E32: =CONCATENATE(A32,"/",B32,"/",C32,"/",D32) -> 1/051/023/0023 | F32: Confirmed | G32: Kaushila Wickramasinghe | H32: Teacher | I32: 297/1, Kalapaluwawa, Rajagiriya | J32: 757042304v | K32: Roman Catholic | L32: 0778292778 | M32: wkaushi@yahoo.com | N32: 22 | O32: 07 | P32: 1975 | Q32: =DATE(P32,O32,N32) -> 27597 | R32: =($G$7-Q32)/365 -> 50.493151 | S32: Female | T32: 20 | U32: 09 | V32: 2010 | W32: =DATE(V32,U32,T32) -> 40441 | X32: Yes | Z32: =DATEDIF(W32,TODAY(),"Y") -> 15 | AA32: =DATEDIF(W32,TODAY(),"YM") -> 3 | AB32: =DATEDIF(W32,TODAY(),"MD") -> 16 | AC32: =CONCATENATE(Z32,"Years","/",,AA32,"Months","/",AB32,"Days") -> 15Years/3Months/16Days | AD32: =(DATE(P32,O32,N32)+21915) -> 49512 | AE32: =DATEDIF(TODAY(),AD32,"Y") -> 9 | AF32: =DATEDIF(TODAY(),AD32,"YM") -> 6 | AG32: =DATEDIF(TODAY(),AD32,"MD") -> 17 | AH32: =CONCATENATE(AE32,"Years","/",AF32,"Months","/",AG32,"Days") -> 9Years/6Months/17Days | AI32: =CONCATENATE(AJ32,"years", " ",",", " ",AK32,"months ","and"," ",AL32,"days") -> 24years , 10months and 2days | AJ32: =DATEDIF(W32,AD32,"Y") -> 24 | AK32: =DATEDIF(W32,AD32,"YM") -> 10 | AL32: =DATEDIF(W32,AD32,"MD") -> 2
A33: 1 | B33: 051 | C33: 024 | D33: 0024 | E33: =CONCATENATE(A33,"/",B33,"/",C33,"/",D33) -> 1/051/024/0024 | F33: Confirmed | G33: Shanika Gunasekara | H33: Teacher | I33: 354/5, School lane, Kalapaluwawa, Rajagiriya | J33: 836293169v | K33: Buddhist | L33: 0772681628 | M33: sanodini@gmail.com | N33: 08 | O33: 05 | P33: 1983 | Q33: =DATE(P33,O33,N33) -> 30444 | R33: =($G$7-Q33)/365 -> 42.693151 | S33: Female | T33: 03 | U33: 10 | V33: 2011 | W33: =DATE(V33,U33,T33) -> 40819 | X33: Yes | Z33: =DATEDIF(W33,TODAY(),"Y") -> 14 | AA33: =DATEDIF(W33,TODAY(),"YM") -> 3 | AB33: =DATEDIF(W33,TODAY(),"MD") -> 2 | AC33: =CONCATENATE(Z33,"Years","/",,AA33,"Months","/",AB33,"Days") -> 14Years/3Months/2Days | AD33: =(DATE(P33,O33,N33)+21915) -> 52359 | AE33: =DATEDIF(TODAY(),AD33,"Y") -> 17 | AF33: =DATEDIF(TODAY(),AD33,"YM") -> 4 | AG33: =DATEDIF(TODAY(),AD33,"MD") -> 3 | AH33: =CONCATENATE(AE33,"Years","/",AF33,"Months","/",AG33,"Days") -> 17Years/4Months/3Days | AI33: =CONCATENATE(AJ33,"years", " ",",", " ",AK33,"months ","and"," ",AL33,"days") -> 31years , 7months and 5days | AJ33: =DATEDIF(W33,AD33,"Y") -> 31 | AK33: =DATEDIF(W33,AD33,"YM") -> 7 | AL33: =DATEDIF(W33,AD33,"MD") -> 5
A34: 1 | B34: 051 | C34: 025 | D34: 0025 | E34: =CONCATENATE(A34,"/",B34,"/",C34,"/",D34) -> 1/051/025/0025 | F34: Confirmed | G34: Tharini Shamika | H34: Teacher | I34: 23, Robert Goonawardena Mw, Battaramulla | J34: 200071701035 | K34: Roman Catholic | L34: 0765366330 | M34: tharinishamika@gmail.com | N34: 04 | O34: 08 | P34: 2000 | Q34: =DATE(P34,O34,N34) -> 36742 | R34: =($G$7-Q34)/365 -> 25.438356 | S34: Female | T34: 22 | U34: 09 | V34: 2021 | W34: =DATE(V34,U34,T34) -> 44461 | X34: Yes | Z34: =DATEDIF(W34,TODAY(),"Y") -> 4 | AA34: =DATEDIF(W34,TODAY(),"YM") -> 3 | AB34: =DATEDIF(W34,TODAY(),"MD") -> 14 | AC34: =CONCATENATE(Z34,"Years","/",,AA34,"Months","/",AB34,"Days") -> 4Years/3Months/14Days | AD34: =(DATE(P34,O34,N34)+21915) -> 58657 | AE34: =DATEDIF(TODAY(),AD34,"Y") -> 34 | AF34: =DATEDIF(TODAY(),AD34,"YM") -> 6 | AG34: =DATEDIF(TODAY(),AD34,"MD") -> 30 | AH34: =CONCATENATE(AE34,"Years","/",AF34,"Months","/",AG34,"Days") -> 34Years/6Months/30Days | AI34: =CONCATENATE(AJ34,"years", " ",",", " ",AK34,"months ","and"," ",AL34,"days") -> 38years , 10months and 13days | AJ34: =DATEDIF(W34,AD34,"Y") -> 38 | AK34: =DATEDIF(W34,AD34,"YM") -> 10 | AL34: =DATEDIF(W34,AD34,"MD") -> 13
A35: 1 | B35: 051 | C35: 026 | D35: 0026 | E35: =CONCATENATE(A35,"/",B35,"/",C35,"/",D35) -> 1/051/026/0026 | F35: Contract | G35: Donald Keil | H35: Teacher | I35: 363, Dehiyagatha, Jaela | J35: 512090990V | K35: Roman Catholic | L35: 0716439965 | M35: keildonald390@gmail.com | N35: 27 | O35: 07 | P35: 1951 | Q35: =DATE(P35,O35,N35) -> 18836 | R35: =($G$7-Q35)/365 -> 74.49589 | S35: Male | T35: 22 | U35: 10 | V35: 2019 | W35: =DATE(V35,U35,T35) -> 43760 | X35: Yes | Y35: Yes | Z35: =DATEDIF(W35,TODAY(),"Y") -> 6 | AA35: =DATEDIF(W35,TODAY(),"YM") -> 2 | AB35: =DATEDIF(W35,TODAY(),"MD") -> 14 | AC35: =CONCATENATE(Z35,"Years","/",,AA35,"Months","/",AB35,"Days") -> 6Years/2Months/14Days | AD35: =(DATE(P35,O35,N35)+21915) -> 40751 | AE35: =DATEDIF(TODAY(),AD35,"Y") -> #NUM! | AF35: =DATEDIF(TODAY(),AD35,"YM") -> #NUM! | AG35: =DATEDIF(TODAY(),AD35,"MD") -> #NUM! | AH35: =CONCATENATE(AE35,"Years","/",AF35,"Months","/",AG35,"Days") -> #NUM! | AI35: =CONCATENATE(AJ35,"years", " ",",", " ",AK35,"months ","and"," ",AL35,"days") -> #NUM! | AJ35: =DATEDIF(W35,AD35,"Y") -> #NUM! | AK35: =DATEDIF(W35,AD35,"YM") -> #NUM! | AL35: =DATEDIF(W35,AD35,"MD") -> #NUM!
A36: 1 | B36: 051 | C36: 027 | D36: 0027 | E36: =CONCATENATE(A36,"/",B36,"/",C36,"/",D36) -> 1/051/027/0027
A37: 1 | B37: 051 | C37: 028 | D37: 0028 | E37: =CONCATENATE(A37,"/",B37,"/",C37,"/",D37) -> 1/051/028/0028 | F37: Contract | G37: Lahiru Karunanayake | H37: Teacher | I37: 407/16Samagi Mawatha, Udahamulla, Nugegoda | J37: 843543332V | K37: Buddhist | L37: 0773694606 | M37: lahiruaioit@gmail.com | N37: 19 | O37: 12 | P37: 1984 | Q37: =DATE(P37,O37,N37) -> 31035 | R37: =($G$7-Q37)/365 -> 41.073973 | S37: Male | T37: 03 | U37: 01 | V37: 2022 | W37: =DATE(V37,U37,T37) -> 44564 | X37: No | Y37: Yes | Z37: =DATEDIF(W37,TODAY(),"Y") -> 4 | AA37: =DATEDIF(W37,TODAY(),"YM") -> 0 | AB37: =DATEDIF(W37,TODAY(),"MD") -> 2 | AC37: =CONCATENATE(Z37,"Years","/",,AA37,"Months","/",AB37,"Days") -> 4Years/0Months/2Days | AD37: =(DATE(P37,O37,N37)+21915) -> 52950 | AE37: =DATEDIF(TODAY(),AD37,"Y") -> 18 | AF37: =DATEDIF(TODAY(),AD37,"YM") -> 11 | AG37: =DATEDIF(TODAY(),AD37,"MD") -> 14 | AH37: =CONCATENATE(AE37,"Years","/",AF37,"Months","/",AG37,"Days") -> 18Years/11Months/14Days | AI37: =CONCATENATE(AJ37,"years", " ",",", " ",AK37,"months ","and"," ",AL37,"days") -> 22years , 11months and 16days | AJ37: =DATEDIF(W37,AD37,"Y") -> 22 | AK37: =DATEDIF(W37,AD37,"YM") -> 11 | AL37: =DATEDIF(W37,AD37,"MD") -> 16
A38: 1 | B38: 052 | C38: 001 | D38: 0029 | E38: =CONCATENATE(A38,"/",B38,"/",C38,"/",D38) -> 1/052/001/0029 | G38: Rev. Fr. Anthony Lakshman | H38: Rector | I38: St. Nicholas' International College, Katana Road, Nelumpitiya, Negombo | J38: 781721310v | K38: Catholic | L38: 0713547523 | M38: kdalakshman@gmail.com | N38: 20 | O38: 06 | P38: 1978 | Q38: =DATE(P38,O38,N38) -> 28661 | R38: =($G$7-Q38)/365 -> 47.578082 | S38: Male | T38: 3 | U38: 7 | V38: 2019 | W38: =DATE(V38,U38,T38) -> 43649 | Z38: =DATEDIF(W38,TODAY(),"Y") -> 6 | AA38: =DATEDIF(W38,TODAY(),"YM") -> 6 | AB38: =DATEDIF(W38,TODAY(),"MD") -> 2 | AC38: =CONCATENATE(Z38,"Years","/",,AA38,"Months","/",AB38,"Days") -> 6Years/6Months/2Days | AD38: =(DATE(P38,O38,N38)+21915) -> 50576 | AE38: =DATEDIF(TODAY(),AD38,"Y") -> 12 | AF38: =DATEDIF(TODAY(),AD38,"YM") -> 5 | AG38: =DATEDIF(TODAY(),AD38,"MD") -> 15 | AH38: =CONCATENATE(AE38,"Years","/",AF38,"Months","/",AG38,"Days") -> 12Years/5Months/15Days | AI38: =CONCATENATE(AJ38,"years", " ",",", " ",AK38,"months ","and"," ",AL38,"days") -> 18years , 11months and 17days | AJ38: =DATEDIF(W38,AD38,"Y") -> 18 | AK38: =DATEDIF(W38,AD38,"YM") -> 11 | AL38: =DATEDIF(W38,AD38,"MD") -> 17
A39: 1 | B39: 052 | C39: 002 | D39: 0030 | E39: =CONCATENATE(A39,"/",B39,"/",C39,"/",D39) -> 1/052/002/0030 | G39: Rev. Fr. Dilan Salika Perera | H39: Priest In charge of Junior School | I39: 93, Udammita, Ja Ela | J39: 930704318v | K39: Catholic | L39: 0774130725 | M39: dilansalika077@gmail.com | N39: 10 | O39: 3 | P39: 1993 | Q39: =DATE(P39,O39,N39) -> 34038 | R39: =($G$7-Q39)/365 -> 32.846575 | S39: Male | T39: 4 | U39: 10 | V39: 2022 | W39: =DATE(V39,U39,T39) -> 44838 | Z39: =DATEDIF(W39,TODAY(),"Y") -> 3 | AA39: =DATEDIF(W39,TODAY(),"YM") -> 3 | AB39: =DATEDIF(W39,TODAY(),"MD") -> 1 | AC39: =CONCATENATE(Z39,"Years","/",,AA39,"Months","/",AB39,"Days") -> 3Years/3Months/1Days | AD39: =(DATE(P39,O39,N39)+21915) -> 55953 | AE39: =DATEDIF(TODAY(),AD39,"Y") -> 27 | AF39: =DATEDIF(TODAY(),AD39,"YM") -> 2 | AG39: =DATEDIF(TODAY(),AD39,"MD") -> 5 | AH39: =CONCATENATE(AE39,"Years","/",AF39,"Months","/",AG39,"Days") -> 27Years/2Months/5Days | AI39: =CONCATENATE(AJ39,"years", " ",",", " ",AK39,"months ","and"," ",AL39,"days") -> 30years , 5months and 6days | AJ39: =DATEDIF(W39,AD39,"Y") -> 30 | AK39: =DATEDIF(W39,AD39,"YM") -> 5 | AL39: =DATEDIF(W39,AD39,"MD") -> 6
A40: 1 | B40: 052 | C40: 003 | D40: 0031 | E40: =CONCATENATE(A40,"/",B40,"/",C40,"/",D40) -> 1/052/003/0031 | G40: Rev. Fr. Tyronne Perera | H40: Spiritual director | I40: St. Nicholas' International College, Katana Road, Nelumpitiya, Negombo | K40: Catholic | S40: Male | AH40: =CONCATENATE(AE40,"Years","/",AF40,"Months","/",AG40,"Days") -> Years/Months/Days | AI40: =CONCATENATE(AJ40,"years", " ",",", " ",AK40,"months ","and"," ",AL40,"days") -> 0years , 0months and 0days | AJ40: =DATEDIF(W40,AD40,"Y") -> 0 | AK40: =DATEDIF(W40,AD40,"YM") -> 0 | AL40: =DATEDIF(W40,AD40,"MD") -> 0
A41: 1 | B41: 052 | C41: 004 | D41: 0032 | E41: =CONCATENATE(A41,"/",B41,"/",C41,"/",D41) -> 1/052/004/0032 | G41: H Rohani B Tissera | H41: Part time teacher | I41: 350, Athagala, Katana | J41: 566662086 V | K41: Catholic | L41: 0776555322 | M41: rohanitisse rajune14@ gmail.com | N41: 14 | O41: 6 | P41: 1956 | Q41: =DATE(P41,O41,N41) -> 20620 | R41: =($G$7-Q41)/365 -> 69.608219 | S41: Female | T41: 4 | U41: 9 | V41: 2022 | W41: =DATE(V41,U41,T41) -> 44808 | Y41: Yes | Z41: =DATEDIF(W41,TODAY(),"Y") -> 3 | AA41: =DATEDIF(W41,TODAY(),"YM") -> 4 | AB41: =DATEDIF(W41,TODAY(),"MD") -> 1 | AC41: =CONCATENATE(Z41,"Years","/",,AA41,"Months","/",AB41,"Days") -> 3Years/4Months/1Days | AD41: =(DATE(P41,O41,N41)+21915) -> 42535 | AE41: =DATEDIF(TODAY(),AD41,"Y") -> #NUM! | AF41: =DATEDIF(TODAY(),AD41,"YM") -> #NUM! | AG41: =DATEDIF(TODAY(),AD41,"MD") -> #NUM! | AH41: =CONCATENATE(AE41,"Years","/",AF41,"Months","/",AG41,"Days") -> #NUM! | AI41: =CONCATENATE(AJ41,"years", " ",",", " ",AK41,"months ","and"," ",AL41,"days") -> #NUM! | AJ41: =DATEDIF(W41,AD41,"Y") -> #NUM! | AK41: =DATEDIF(W41,AD41,"YM") -> #NUM! | AL41: =DATEDIF(W41,AD41,"MD") -> #NUM!
A42: 1 | B42: 052 | C42: 005 | D42: 0033 | E42: =CONCATENATE(A42,"/",B42,"/",C42,"/",D42) -> 1/052/005/0033 | G42: U Christopher H P Jayasinghe | H42: Part time teacher | I42: 10, Keppetipola Road, Ja-ela | J42: 520633405v | K42: Catholic | L42: 0750956856 | M42: christopharjayasingha@gmail.com | N42: 3 | O42: 3 | P42: 1952 | Q42: =DATE(P42,O42,N42) -> 19056 | R42: =($G$7-Q42)/365 -> 73.893151 | S42: Male | T42: 3 | U42: 7 | V42: 2022 | W42: =DATE(V42,U42,T42) -> 44745 | Y42: Yes | Z42: =DATEDIF(W42,TODAY(),"Y") -> 3 | AA42: =DATEDIF(W42,TODAY(),"YM") -> 6 | AB42: =DATEDIF(W42,TODAY(),"MD") -> 2 | AC42: =CONCATENATE(Z42,"Years","/",,AA42,"Months","/",AB42,"Days") -> 3Years/6Months/2Days | AD42: =(DATE(P42,O42,N42)+21915) -> 40971 | AE42: =DATEDIF(TODAY(),AD42,"Y") -> #NUM! | AF42: =DATEDIF(TODAY(),AD42,"YM") -> #NUM! | AG42: =DATEDIF(TODAY(),AD42,"MD") -> #NUM! | AH42: =CONCATENATE(AE42,"Years","/",AF42,"Months","/",AG42,"Days") -> #NUM! | AI42: =CONCATENATE(AJ42,"years", " ",",", " ",AK42,"months ","and"," ",AL42,"days") -> #NUM! | AJ42: =DATEDIF(W42,AD42,"Y") -> #NUM! | AK42: =DATEDIF(W42,AD42,"YM") -> #NUM! | AL42: =DATEDIF(W42,AD42,"MD") -> #NUM!
A43: 1 | B43: 052 | C43: 006 | D43: 0034 | E43: =CONCATENATE(A43,"/",B43,"/",C43,"/",D43) -> 1/052/006/0034 | G43: M A Shashini Peiris | H43: Part time teacher | I43: 386/C/1, Bandaranayaka Mawatha, Kimbulapitiya Road, Negombo | J43: 200082104293 | K43: Catholic | L43: 076288055 | M43: anneshashi16@gmail.com | N43: 16 | O43: 11 | P43: 2000 | Q43: =DATE(P43,O43,N43) -> 36846 | R43: =($G$7-Q43)/365 -> 25.153425 | S43: Female | T43: 6 | U43: 9 | V43: 2022 | W43: =DATE(V43,U43,T43) -> 44810 | Y43: Yes | Z43: =DATEDIF(W43,TODAY(),"Y") -> 3 | AA43: =DATEDIF(W43,TODAY(),"YM") -> 3 | AB43: =DATEDIF(W43,TODAY(),"MD") -> 30 | AC43: =CONCATENATE(Z43,"Years","/",,AA43,"Months","/",AB43,"Days") -> 3Years/3Months/30Days | AD43: =(DATE(P43,O43,N43)+21915) -> 58761 | AE43: =DATEDIF(TODAY(),AD43,"Y") -> 34 | AF43: =DATEDIF(TODAY(),AD43,"YM") -> 10 | AG43: =DATEDIF(TODAY(),AD43,"MD") -> 11 | AH43: =CONCATENATE(AE43,"Years","/",AF43,"Months","/",AG43,"Days") -> 34Years/10Months/11Days | AI43: =CONCATENATE(AJ43,"years", " ",",", " ",AK43,"months ","and"," ",AL43,"days") -> 38years , 2months and 10days | AJ43: =DATEDIF(W43,AD43,"Y") -> 38 | AK43: =DATEDIF(W43,AD43,"YM") -> 2 | AL43: =DATEDIF(W43,AD43,"MD") -> 10
A44: 1 | B44: 052 | C44: 009 | D44: 0037 | E44: =CONCATENATE(A44,"/",B44,"/",C44,"/",D44) -> 1/052/009/0037 | G44: W S Asitha Perera | H44: Part time teacher | I44: 680, "Chandra Sevana", Wennappuwa | J44: 870470800v | K44: Catholic | L44: 0775997877 | M44: asitha.snic@gmail.com | N44: 1 | O44: 6 | P44: 1987 | Q44: =DATE(P44,O44,N44) -> 31929 | R44: =($G$7-Q44)/365 -> 38.624658 | S44: Male | T44: 1 | U44: 7 | V44: 2022 | W44: =DATE(V44,U44,T44) -> 44743 | Y44: Yes | Z44: =DATEDIF(W44,TODAY(),"Y") -> 3 | AA44: =DATEDIF(W44,TODAY(),"YM") -> 6 | AB44: =DATEDIF(W44,TODAY(),"MD") -> 4 | AC44: =CONCATENATE(Z44,"Years","/",,AA44,"Months","/",AB44,"Days") -> 3Years/6Months/4Days | AD44: =(DATE(P44,O44,N44)+21915) -> 53844 | AE44: =DATEDIF(TODAY(),AD44,"Y") -> 21 | AF44: =DATEDIF(TODAY(),AD44,"YM") -> 4 | AG44: =DATEDIF(TODAY(),AD44,"MD") -> 27 | AH44: =CONCATENATE(AE44,"Years","/",AF44,"Months","/",AG44,"Days") -> 21Years/4Months/27Days | AI44: =CONCATENATE(AJ44,"years", " ",",", " ",AK44,"months ","and"," ",AL44,"days") -> 24years , 11months and 0days | AJ44: =DATEDIF(W44,AD44,"Y") -> 24 | AK44: =DATEDIF(W44,AD44,"YM") -> 11 | AL44: =DATEDIF(W44,AD44,"MD") -> 0
A45: 1 | B45: 052 | C45: 011 | D45: 0039 | E45: =CONCATENATE(A45,"/",B45,"/",C45,"/",D45) -> 1/052/011/0039 | G45: W. L. C. N. M. Anjelo Fernando | H45: Part time teacher | I45: 17, St. Lazarus Road, Negombo | J45: 693390060V | K45: Catholic | L45: 779848898 | M45: angelo791969@gmail.com | N45: 4 | O45: 12 | P45: 1969 | Q45: =DATE(P45,O45,N45) -> 25541 | R45: =($G$7-Q45)/365 -> 56.126027 | S45: Male | T45: 3 | U45: 1 | V45: 2023 | W45: =DATE(V45,U45,T45) -> 44929 | Y45: Yes | Z45: =DATEDIF(W45,TODAY(),"Y") -> 3 | AA45: =DATEDIF(W45,TODAY(),"YM") -> 0 | AB45: =DATEDIF(W45,TODAY(),"MD") -> 2 | AC45: =CONCATENATE(Z45,"Years","/",,AA45,"Months","/",AB45,"Days") -> 3Years/0Months/2Days | AD45: =(DATE(P45,O45,N45)+21915) -> 47456 | AE45: =DATEDIF(TODAY(),AD45,"Y") -> 3 | AF45: =DATEDIF(TODAY(),AD45,"YM") -> 10 | AG45: =DATEDIF(TODAY(),AD45,"MD") -> 29 | AH45: =CONCATENATE(AE45,"Years","/",AF45,"Months","/",AG45,"Days") -> 3Years/10Months/29Days | AI45: =CONCATENATE(AJ45,"years", " ",",", " ",AK45,"months ","and"," ",AL45,"days") -> 6years , 11months and 1days | AJ45: =DATEDIF(W45,AD45,"Y") -> 6 | AK45: =DATEDIF(W45,AD45,"YM") -> 11 | AL45: =DATEDIF(W45,AD45,"MD") -> 1
A46: 1 | B46: 052 | C46: 012 | D46: 0040 | E46: =CONCATENATE(A46,"/",B46,"/",C46,"/",D46) -> 1/052/012/0040 | G46: K M D Shriyani Weerawardene | H46: Deputy Principal | I46: 242, Sri Wickrama Rajasinghe Road, 3rd Kurana, Negombo | J46: 686131017v | K46: Catholic | L46: 0774438696 | M46: sweerawardene@gmail.com | N46: 22 | O46: 4 | P46: 1968 | Q46: =DATE(P46,O46,N46) -> 24950 | R46: =($G$7-Q46)/365 -> 57.745205 | S46: Female | T46: 1 | U46: 6 | V46: 2003 | W46: =DATE(V46,U46,T46) -> 37773 | X46: Yes | Z46: =DATEDIF(W46,TODAY(),"Y") -> 22 | AA46: =DATEDIF(W46,TODAY(),"YM") -> 7 | AB46: =DATEDIF(W46,TODAY(),"MD") -> 4 | AC46: =CONCATENATE(Z46,"Years","/",,AA46,"Months","/",AB46,"Days") -> 22Years/7Months/4Days | AD46: =(DATE(P46,O46,N46)+21915) -> 46865 | AE46: =DATEDIF(TODAY(),AD46,"Y") -> 2 | AF46: =DATEDIF(TODAY(),AD46,"YM") -> 3 | AG46: =DATEDIF(TODAY(),AD46,"MD") -> 17 | AH46: =CONCATENATE(AE46,"Years","/",AF46,"Months","/",AG46,"Days") -> 2Years/3Months/17Days | AI46: =CONCATENATE(AJ46,"years", " ",",", " ",AK46,"months ","and"," ",AL46,"days") -> 24years , 10months and 21days | AJ46: =DATEDIF(W46,AD46,"Y") -> 24 | AK46: =DATEDIF(W46,AD46,"YM") -> 10 | AL46: =DATEDIF(W46,AD46,"MD") -> 21
A47: 1 | B47: 052 | C47: 013 | D47: 0041 | E47: =CONCATENATE(A47,"/",B47,"/",C47,"/",D47) -> 1/052/013/0041 | G47: Ranila Fernando | H47: Head teacher - Primary | I47: No. 30 Mission House Road, Seeduwa | J47: 807023063v | K47: Catholic | L47: 0760990315 / 0776754585 | M47: fernandoranila@gmail.com | N47: 21 | O47: 7 | P47: 1980 | Q47: =DATE(P47,O47,N47) -> 29423 | R47: =($G$7-Q47)/365 -> 45.490411 | S47: Female | T47: 1 | U47: 9 | V47: 2003 | W47: =DATE(V47,U47,T47) -> 37865 | X47: Yes | Z47: =DATEDIF(W47,TODAY(),"Y") -> 22 | AA47: =DATEDIF(W47,TODAY(),"YM") -> 4 | AB47: =DATEDIF(W47,TODAY(),"MD") -> 4 | AC47: =CONCATENATE(Z47,"Years","/",,AA47,"Months","/",AB47,"Days") -> 22Years/4Months/4Days | AD47: =(DATE(P47,O47,N47)+21915) -> 51338 | AE47: =DATEDIF(TODAY(),AD47,"Y") -> 14 | AF47: =DATEDIF(TODAY(),AD47,"YM") -> 6 | AG47: =DATEDIF(TODAY(),AD47,"MD") -> 16 | AH47: =CONCATENATE(AE47,"Years","/",AF47,"Months","/",AG47,"Days") -> 14Years/6Months/16Days | AI47: =CONCATENATE(AJ47,"years", " ",",", " ",AK47,"months ","and"," ",AL47,"days") -> 36years , 10months and 20days | AJ47: =DATEDIF(W47,AD47,"Y") -> 36 | AK47: =DATEDIF(W47,AD47,"YM") -> 10 | AL47: =DATEDIF(W47,AD47,"MD") -> 20
A48: 1 | B48: 052 | C48: 014 | D48: 0042 | E48: =CONCATENATE(A48,"/",B48,"/",C48,"/",D48) -> 1/052/014/0042 | G48: P. Shahini Luckshrihari | H48: Teacher | I48: No. 02, Malwatta Road, Negombo | J48: 748591575v | K48: Catholic | L48: 0776929196 | M48: shahiniparamasivam@gmail.com | N48: 24 | O48: 12 | P48: 1974 | Q48: =DATE(P48,O48,N48) -> 27387 | R48: =($G$7-Q48)/365 -> 51.068493 | S48: Female | T48: 15 | U48: 2 | V48: 2004 | W48: =DATE(V48,U48,T48) -> 38032 | X48: Yes | Z48: =DATEDIF(W48,TODAY(),"Y") -> 21 | AA48: =DATEDIF(W48,TODAY(),"YM") -> 10 | AB48: =DATEDIF(W48,TODAY(),"MD") -> 21 | AC48: =CONCATENATE(Z48,"Years","/",,AA48,"Months","/",AB48,"Days") -> 21Years/10Months/21Days | AD48: =(DATE(P48,O48,N48)+21915) -> 49302 | AE48: =DATEDIF(TODAY(),AD48,"Y") -> 8 | AF48: =DATEDIF(TODAY(),AD48,"YM") -> 11 | AG48: =DATEDIF(TODAY(),AD48,"MD") -> 19 | AH48: =CONCATENATE(AE48,"Years","/",AF48,"Months","/",AG48,"Days") -> 8Years/11Months/19Days | AI48: =CONCATENATE(AJ48,"years", " ",",", " ",AK48,"months ","and"," ",AL48,"days") -> 30years , 10months and 9days | AJ48: =DATEDIF(W48,AD48,"Y") -> 30 | AK48: =DATEDIF(W48,AD48,"YM") -> 10 | AL48: =DATEDIF(W48,AD48,"MD") -> 9
A49: 1 | B49: 052 | C49: 016 | D49: 0044 | E49: =CONCATENATE(A49,"/",B49,"/",C49,"/",D49) -> 1/052/016/0044 | G49: Nimanthi N Revel | H49: Teacher | I49: No. 89/1, Fathima Road, Walihena, Kochchikade. | J49: 837780934v | K49: Catholic | L49: 0719305973 | M49: nimanthirevel222@gmail.com | N49: 4 | O49: 10 | P49: 1983 | Q49: =DATE(P49,O49,N49) -> 30593 | R49: =($G$7-Q49)/365 -> 42.284932 | S49: Female | T49: 3 | U49: 5 | V49: 2005 | W49: =DATE(V49,U49,T49) -> 38475 | X49: Yes | Z49: =DATEDIF(W49,TODAY(),"Y") -> 20 | AA49: =DATEDIF(W49,TODAY(),"YM") -> 8 | AB49: =DATEDIF(W49,TODAY(),"MD") -> 2 | AC49: =CONCATENATE(Z49,"Years","/",,AA49,"Months","/",AB49,"Days") -> 20Years/8Months/2Days | AD49: =(DATE(P49,O49,N49)+21915) -> 52508 | AE49: =DATEDIF(TODAY(),AD49,"Y") -> 17 | AF49: =DATEDIF(TODAY(),AD49,"YM") -> 8 | AG49: =DATEDIF(TODAY(),AD49,"MD") -> 29 | AH49: =CONCATENATE(AE49,"Years","/",AF49,"Months","/",AG49,"Days") -> 17Years/8Months/29Days | AI49: =CONCATENATE(AJ49,"years", " ",",", " ",AK49,"months ","and"," ",AL49,"days") -> 38years , 5months and 1days | AJ49: =DATEDIF(W49,AD49,"Y") -> 38 | AK49: =DATEDIF(W49,AD49,"YM") -> 5 | AL49: =DATEDIF(W49,AD49,"MD") -> 1
A50: 1 | B50: 052 | C50: 017 | D50: 0045 | E50: =CONCATENATE(A50,"/",B50,"/",C50,"/",D50) -> 1/052/017/0045 | G50: K A Aloma N Nissanka | H50: Teacher | I50: 120/02, Jayasooriya Road, Nadurupitiya, Kadana. | J50: 835681076v | K50: Catholic | L50: 0771970067 | M50: alomanissanka@gmail.com | N50: 8 | O50: 3 | P50: 1983 | Q50: =DATE(P50,O50,N50) -> 30383 | R50: =($G$7-Q50)/365 -> 42.860274 | S50: Female | T50: 16 | U50: 5 | V50: 2005 | W50: =DATE(V50,U50,T50) -> 38488 | X50: Yes | Z50: =DATEDIF(W50,TODAY(),"Y") -> 20 | AA50: =DATEDIF(W50,TODAY(),"YM") -> 7 | AB50: =DATEDIF(W50,TODAY(),"MD") -> 20 | AC50: =CONCATENATE(Z50,"Years","/",,AA50,"Months","/",AB50,"Days") -> 20Years/7Months/20Days | AD50: =(DATE(P50,O50,N50)+21915) -> 52298 | AE50: =DATEDIF(TODAY(),AD50,"Y") -> 17 | AF50: =DATEDIF(TODAY(),AD50,"YM") -> 2 | AG50: =DATEDIF(TODAY(),AD50,"MD") -> 3 | AH50: =CONCATENATE(AE50,"Years","/",AF50,"Months","/",AG50,"Days") -> 17Years/2Months/3Days | AI50: =CONCATENATE(AJ50,"years", " ",",", " ",AK50,"months ","and"," ",AL50,"days") -> 37years , 9months and 20days | AJ50: =DATEDIF(W50,AD50,"Y") -> 37 | AK50: =DATEDIF(W50,AD50,"YM") -> 9 | AL50: =DATEDIF(W50,AD50,"MD") -> 20
A51: 1 | B51: 052 | C51: 018 | D51: 0046 | E51: =CONCATENATE(A51,"/",B51,"/",C51,"/",D51) -> 1/052/018/0046 | G51: T H Asansha Eric Perera | H51: Teacher | I51: 41/162, John Perera Mawatha, King's Villege, Kandawala, Katana | J51: 197823003597 | K51: Catholic | L51: 0768563554 | M51: asangaperera17@gmail.com | N51: 17 | O51: 8 | P51: 1978 | Q51: =DATE(P51,O51,N51) -> 28719 | R51: =($G$7-Q51)/365 -> 47.419178 | S51: Male | T51: 1 | U51: 9 | V51: 2006 | W51: =DATE(V51,U51,T51) -> 38961 | X51: Yes | Z51: =DATEDIF(W51,TODAY(),"Y") -> 19 | AA51: =DATEDIF(W51,TODAY(),"YM") -> 4 | AB51: =DATEDIF(W51,TODAY(),"MD") -> 4 | AC51: =CONCATENATE(Z51,"Years","/",,AA51,"Months","/",AB51,"Days") -> 19Years/4Months/4Days | AD51: =(DATE(P51,O51,N51)+21915) -> 50634 | AE51: =DATEDIF(TODAY(),AD51,"Y") -> 12 | AF51: =DATEDIF(TODAY(),AD51,"YM") -> 7 | AG51: =DATEDIF(TODAY(),AD51,"MD") -> 12 | AH51: =CONCATENATE(AE51,"Years","/",AF51,"Months","/",AG51,"Days") -> 12Years/7Months/12Days | AI51: =CONCATENATE(AJ51,"years", " ",",", " ",AK51,"months ","and"," ",AL51,"days") -> 31years , 11months and 16days | AJ51: =DATEDIF(W51,AD51,"Y") -> 31 | AK51: =DATEDIF(W51,AD51,"YM") -> 11 | AL51: =DATEDIF(W51,AD51,"MD") -> 16
A52: 1 | B52: 052 | C52: 019 | D52: 0047 | E52: =CONCATENATE(A52,"/",B52,"/",C52,"/",D52) -> 1/052/019/0047 | G52: T S Madushika Fernando | H52: Teacher | I52: No. 494, Work camp road, Dalupotha, Negombo. | J52: 846593276v | K52: Catholic | L52: 0779780075 | M52: shamalifernando84@gmail.com | N52: 7 | O52: 6 | P52: 1984 | Q52: =DATE(P52,O52,N52) -> 30840 | R52: =($G$7-Q52)/365 -> 41.608219 | S52: Female | T52: 1 | U52: 9 | V52: 2006 | W52: =DATE(V52,U52,T52) -> 38961 | X52: Yes | Z52: =DATEDIF(W52,TODAY(),"Y") -> 19 | AA52: =DATEDIF(W52,TODAY(),"YM") -> 4 | AB52: =DATEDIF(W52,TODAY(),"MD") -> 4 | AC52: =CONCATENATE(Z52,"Years","/",,AA52,"Months","/",AB52,"Days") -> 19Years/4Months/4Days | AD52: =(DATE(P52,O52,N52)+21915) -> 52755 | AE52: =DATEDIF(TODAY(),AD52,"Y") -> 18 | AF52: =DATEDIF(TODAY(),AD52,"YM") -> 5 | AG52: =DATEDIF(TODAY(),AD52,"MD") -> 2 | AH52: =CONCATENATE(AE52,"Years","/",AF52,"Months","/",AG52,"Days") -> 18Years/5Months/2Days | AI52: =Sheet2!B6=CONCATENATE(AJ52,"years", " ",",", " ",AK52,"months ","and"," ",AL52,"days") -> FALSE | AJ52: =DATEDIF(W52,AD52,"Y") -> 37 | AK52: =DATEDIF(W52,AD52,"YM") -> 9 | AL52: =DATEDIF(W52,AD52,"MD") -> 6
A53: 1 | B53: 052 | C53: 020 | D53: 0048 | E53: =CONCATENATE(A53,"/",B53,"/",C53,"/",D53) -> 1/052/020/0048 | G53: G B Majella R Silva | H53: Teacher | I53: No. 427/7, Gamunu Mawatha, Kadawala, Katana | J53: 815123220v | K53: Catholic | L53: 0773171733 | M53: majellasilva1981@gmail.com | N53: 12 | O53: 1 | P53: 1981 | Q53: =DATE(P53,O53,N53) -> 29598 | R53: =($G$7-Q53)/365 -> 45.010959 | S53: Female | T53: 1 | U53: 10 | V53: 2006 | W53: =DATE(V53,U53,T53) -> 38991 | X53: Yes | Z53: =DATEDIF(W53,TODAY(),"Y") -> 19 | AA53: =DATEDIF(W53,TODAY(),"YM") -> 3 | AB53: =DATEDIF(W53,TODAY(),"MD") -> 4 | AC53: =CONCATENATE(Z53,"Years","/",,AA53,"Months","/",AB53,"Days") -> 19Years/3Months/4Days | AD53: =(DATE(P53,O53,N53)+21915) -> 51513 | AE53: =DATEDIF(TODAY(),AD53,"Y") -> 15 | AF53: =DATEDIF(TODAY(),AD53,"YM") -> 0 | AG53: =DATEDIF(TODAY(),AD53,"MD") -> 7 | AH53: =CONCATENATE(AE53,"Years","/",AF53,"Months","/",AG53,"Days") -> 15Years/0Months/7Days | AI53: =CONCATENATE(AJ53,"years", " ",",", " ",AK53,"months ","and"," ",AL53,"days") -> 34years , 3months and 11days | AJ53: =DATEDIF(W53,AD53,"Y") -> 34 | AK53: =DATEDIF(W53,AD53,"YM") -> 3 | AL53: =DATEDIF(W53,AD53,"MD") -> 11
A54: 1 | B54: 052 | C54: 021 | D54: 0049 | E54: =CONCATENATE(A54,"/",B54,"/",C54,"/",D54) -> 1/052/021/0049 | G54: W Wimali Hettiarachchi | H54: Teacher | I54: No. 64, Kadawala, Dunagaha. | J54: 835521613v | K54: Buddhist | L54: 0773906295 | M54: wathsalawimalihettiarachchi@gmail.com | N54: 21 | O54: 2 | P54: 1983 | Q54: =DATE(P54,O54,N54) -> 30368 | R54: =($G$7-Q54)/365 -> 42.90137 | S54: Female | T54: 1 | U54: 3 | V54: 2007 | W54: =DATE(V54,U54,T54) -> 39142 | X54: Yes | Z54: =DATEDIF(W54,TODAY(),"Y") -> 18 | AA54: =DATEDIF(W54,TODAY(),"YM") -> 10 | AB54: =DATEDIF(W54,TODAY(),"MD") -> 4 | AC54: =CONCATENATE(Z54,"Years","/",,AA54,"Months","/",AB54,"Days") -> 18Years/10Months/4Days | AD54: =(DATE(P54,O54,N54)+21915) -> 52283 | AE54: =DATEDIF(TODAY(),AD54,"Y") -> 17 | AF54: =DATEDIF(TODAY(),AD54,"YM") -> 1 | AG54: =DATEDIF(TODAY(),AD54,"MD") -> 16 | AH54: =CONCATENATE(AE54,"Years","/",AF54,"Months","/",AG54,"Days") -> 17Years/1Months/16Days | AI54: =CONCATENATE(AJ54,"years", " ",",", " ",AK54,"months ","and"," ",AL54,"days") -> 35years , 11months and 20days | AJ54: =DATEDIF(W54,AD54,"Y") -> 35 | AK54: =DATEDIF(W54,AD54,"YM") -> 11 | AL54: =DATEDIF(W54,AD54,"MD") -> 20
A55: 1 | B55: 052 | C55: 023 | D55: 0051 | E55: =CONCATENATE(A55,"/",B55,"/",C55,"/",D55) -> 1/052/023/0051 | G55: B D Sinthika Niroshani Galagedara | H55: Teacher | I55: No. 27, Central Garden, Katana. | J55: 828563386v | K55: Catholic | L55: 0773041400 | M55: sinthikabdn@gmail.com | N55: 21 | O55: 12 | P55: 1982 | Q55: =DATE(P55,O55,N55) -> 30306 | R55: =($G$7-Q55)/365 -> 43.071233 | S55: Female | T55: 1 | U55: 9 | V55: 2008 | W55: =DATE(V55,U55,T55) -> 39692 | X55: Yes | Z55: =DATEDIF(W55,TODAY(),"Y") -> 17 | AA55: =DATEDIF(W55,TODAY(),"YM") -> 4 | AB55: =DATEDIF(W55,TODAY(),"MD") -> 4 | AC55: =CONCATENATE(Z55,"Years","/",,AA55,"Months","/",AB55,"Days") -> 17Years/4Months/4Days | AD55: =(DATE(P55,O55,N55)+21915) -> 52221 | AE55: =DATEDIF(TODAY(),AD55,"Y") -> 16 | AF55: =DATEDIF(TODAY(),AD55,"YM") -> 11 | AG55: =DATEDIF(TODAY(),AD55,"MD") -> 16 | AH55: =CONCATENATE(AE55,"Years","/",AF55,"Months","/",AG55,"Days") -> 16Years/11Months/16Days | AI55: =CONCATENATE(AJ55,"years", " ",",", " ",AK55,"months ","and"," ",AL55,"days") -> 34years , 3months and 20days | AJ55: =DATEDIF(W55,AD55,"Y") -> 34 | AK55: =DATEDIF(W55,AD55,"YM") -> 3 | AL55: =DATEDIF(W55,AD55,"MD") -> 20
A56: 1 | B56: 052 | C56: 024 | D56: 0052 | E56: =CONCATENATE(A56,"/",B56,"/",C56,"/",D56) -> 1/052/024/0052 | G56: P Mithila Christy | H56: Teacher | I56: No. 18/21, Wasana Uyana, Mukalangamuwa, Seeduwa | J56: 767432380v | K56: Buddhist | L56: 0773424436 / 0112251955 | M56: mithila.wijayasinghe@gmail.com | N56: 30 | O56: 8 | P56: 1976 | Q56: =DATE(P56,O56,N56) -> 28002 | R56: =($G$7-Q56)/365 -> 49.383562 | S56: Female | T56: 12 | U56: 9 | V56: 2008 | W56: =DATE(V56,U56,T56) -> 39703 | X56: Yes | Z56: =DATEDIF(W56,TODAY(),"Y") -> 17 | AA56: =DATEDIF(W56,TODAY(),"YM") -> 3 | AB56: =DATEDIF(W56,TODAY(),"MD") -> 24 | AC56: =CONCATENATE(Z56,"Years","/",,AA56,"Months","/",AB56,"Days") -> 17Years/3Months/24Days | AD56: =(DATE(P56,O56,N56)+21915) -> 49917 | AE56: =DATEDIF(TODAY(),AD56,"Y") -> 10 | AF56: =DATEDIF(TODAY(),AD56,"YM") -> 7 | AG56: =DATEDIF(TODAY(),AD56,"MD") -> 25 | AH56: =CONCATENATE(AE56,"Years","/",AF56,"Months","/",AG56,"Days") -> 10Years/7Months/25Days | AI56: =CONCATENATE(AJ56,"years", " ",",", " ",AK56,"months ","and"," ",AL56,"days") -> 27years , 11months and 18days | AJ56: =DATEDIF(W56,AD56,"Y") -> 27 | AK56: =DATEDIF(W56,AD56,"YM") -> 11 | AL56: =DATEDIF(W56,AD56,"MD") -> 18
A57: 1 | B57: 052 | C57: 025 | D57: 0053 | E57: =CONCATENATE(A57,"/",B57,"/",C57,"/",D57) -> 1/052/025/0053 | G57: R A Yamuna S Ranasinghe | H57: Teacher | I57: No 126/1 Nawana Road, Divulapitiya | J57: 757032295v | K57: Buddhist | L57: 0777806457 | M57: ranasinghe769@gmail.com | N57: 21 | O57: 7 | P57: 1975 | Q57: =DATE(P57,O57,N57) -> 27596 | R57: =($G$7-Q57)/365 -> 50.49589 | S57: Female | T57: 1 | U57: 10 | V57: 2008 | W57: =DATE(V57,U57,T57) -> 39722 | X57: Yes | Z57: =DATEDIF(W57,TODAY(),"Y") -> 17 | AA57: =DATEDIF(W57,TODAY(),"YM") -> 3 | AB57: =DATEDIF(W57,TODAY(),"MD") -> 4 | AC57: =CONCATENATE(Z57,"Years","/",,AA57,"Months","/",AB57,"Days") -> 17Years/3Months/4Days | AD57: =(DATE(P57,O57,N57)+21915) -> 49511 | AE57: =DATEDIF(TODAY(),AD57,"Y") -> 9 | AF57: =DATEDIF(TODAY(),AD57,"YM") -> 6 | AG57: =DATEDIF(TODAY(),AD57,"MD") -> 16 | AH57: =CONCATENATE(AE57,"Years","/",AF57,"Months","/",AG57,"Days") -> 9Years/6Months/16Days | AI57: =CONCATENATE(AJ57,"years", " ",",", " ",AK57,"months ","and"," ",AL57,"days") -> 26years , 9months and 20days | AJ57: =DATEDIF(W57,AD57,"Y") -> 26 | AK57: =DATEDIF(W57,AD57,"YM") -> 9 | AL57: =DATEDIF(W57,AD57,"MD") -> 20
A58: 1 | B58: 052 | C58: 026 | D58: 0054 | E58: =CONCATENATE(A58,"/",B58,"/",C58,"/",D58) -> 1/052/026/0054 | G58: M Dishani C Fernando | H58: Head teacher - Elementary | I58: No. 101/20 Guwauwatte, Thimbirigaskatuwa. | J58: 766890482v | K58: Catholic | L58: 0771350718 | M58: dishanif@gmail.com | N58: 7 | O58: 7 | P58: 1976 | Q58: =DATE(P58,O58,N58) -> 27948 | R58: =($G$7-Q58)/365 -> 49.531507 | S58: Female | T58: 5 | U58: 1 | V58: 2009 | W58: =DATE(V58,U58,T58) -> 39818 | X58: Yes | Z58: =DATEDIF(W58,TODAY(),"Y") -> 17 | AA58: =DATEDIF(W58,TODAY(),"YM") -> 0 | AB58: =DATEDIF(W58,TODAY(),"MD") -> 0 | AC58: =CONCATENATE(Z58,"Years","/",,AA58,"Months","/",AB58,"Days") -> 17Years/0Months/0Days | AD58: =(DATE(P58,O58,N58)+21915) -> 49863 | AE58: =DATEDIF(TODAY(),AD58,"Y") -> 10 | AF58: =DATEDIF(TODAY(),AD58,"YM") -> 6 | AG58: =DATEDIF(TODAY(),AD58,"MD") -> 2 | AH58: =CONCATENATE(AE58,"Years","/",AF58,"Months","/",AG58,"Days") -> 10Years/6Months/2Days | AI58: =CONCATENATE(AJ58,"years", " ",",", " ",AK58,"months ","and"," ",AL58,"days") -> 27years , 6months and 2days | AJ58: =DATEDIF(W58,AD58,"Y") -> 27 | AK58: =DATEDIF(W58,AD58,"YM") -> 6 | AL58: =DATEDIF(W58,AD58,"MD") -> 2
A59: 1 | B59: 052 | C59: 027 | D59: 0055 | E59: =CONCATENATE(A59,"/",B59,"/",C59,"/",D59) -> 1/052/027/0055 | G59: D M D Nirosha S Appuhamy | H59: Teacher | I59: No. 24, Central Garden, Kaluwarippuwa, Katana. | J59: 768290164v | K59: Catholic | L59: 0774444786 | M59: nirosha.sandamali90@gmail.com | N59: 24 | O59: 11 | P59: 1976 | Q59: =DATE(P59,O59,N59) -> 28088 | R59: =($G$7-Q59)/365 -> 49.147945 | S59: Female | T59: 10 | U59: 2 | V59: 2009 | W59: =DATE(V59,U59,T59) -> 39854 | X59: Yes | Z59: =DATEDIF(W59,TODAY(),"Y") -> 16 | AA59: =DATEDIF(W59,TODAY(),"YM") -> 10 | AB59: =DATEDIF(W59,TODAY(),"MD") -> 26 | AC59: =CONCATENATE(Z59,"Years","/",,AA59,"Months","/",AB59,"Days") -> 16Years/10Months/26Days | AD59: =(DATE(P59,O59,N59)+21915) -> 50003 | AE59: =DATEDIF(TODAY(),AD59,"Y") -> 10 | AF59: =DATEDIF(TODAY(),AD59,"YM") -> 10 | AG59: =DATEDIF(TODAY(),AD59,"MD") -> 19 | AH59: =CONCATENATE(AE59,"Years","/",AF59,"Months","/",AG59,"Days") -> 10Years/10Months/19Days | AI59: =CONCATENATE(AJ59,"years", " ",",", " ",AK59,"months ","and"," ",AL59,"days") -> 27years , 9months and 14days | AJ59: =DATEDIF(W59,AD59,"Y") -> 27 | AK59: =DATEDIF(W59,AD59,"YM") -> 9 | AL59: =DATEDIF(W59,AD59,"MD") -> 14
A60: 1 | B60: 052 | C60: 028 | D60: 0056 | E60: =CONCATENATE(A60,"/",B60,"/",C60,"/",D60) -> 1/052/028/0056 | G60: U L U Harshani Perera | H60: Teacher | I60: No. 302/A, Nayaka Road, Katunayaka | J60: 858531683v | K60: Catholic | L60: 0767139831 | M60: udeshikaratnasiri@gmail.com | N60: 18 | O60: 12 | P60: 1985 | Q60: =DATE(P60,O60,N60) -> 31399 | R60: =($G$7-Q60)/365 -> 40.076712 | S60: Female | T60: 20 | U60: 4 | V60: 2009 | W60: =DATE(V60,U60,T60) -> 39923 | X60: Yes | Z60: =DATEDIF(W60,TODAY(),"Y") -> 16 | AA60: =DATEDIF(W60,TODAY(),"YM") -> 8 | AB60: =DATEDIF(W60,TODAY(),"MD") -> 16 | AC60: =CONCATENATE(Z60,"Years","/",,AA60,"Months","/",AB60,"Days") -> 16Years/8Months/16Days | AD60: =(DATE(P60,O60,N60)+21915) -> 53314 | AE60: =DATEDIF(TODAY(),AD60,"Y") -> 19 | AF60: =DATEDIF(TODAY(),AD60,"YM") -> 11 | AG60: =DATEDIF(TODAY(),AD60,"MD") -> 13 | AH60: =CONCATENATE(AE60,"Years","/",AF60,"Months","/",AG60,"Days") -> 19Years/11Months/13Days | AI60: =CONCATENATE(AJ60,"years", " ",",", " ",AK60,"months ","and"," ",AL60,"days") -> 36years , 7months and 28days | AJ60: =DATEDIF(W60,AD60,"Y") -> 36 | AK60: =DATEDIF(W60,AD60,"YM") -> 7 | AL60: =DATEDIF(W60,AD60,"MD") -> 28
A61: 1 | B61: 052 | C61: 029 | D61: 0057 | E61: =CONCATENATE(A61,"/",B61,"/",C61,"/",D61) -> 1/052/029/0057 | G61: K Shermila H. Fernando | H61: Teacher | I61: No. 391/2, "Beth-Haran", Pitipana Central, Negombo. | J61: 198083310051 | K61: Catholic | L61: 0703177622 | M61: shermilahf@gmail.com | N61: 28 | O61: 11 | P61: 1980 | Q61: =DATE(P61,O61,N61) -> 29553 | R61: =($G$7-Q61)/365 -> 45.134247 | S61: Female | T61: 1 | U61: 9 | V61: 2009 | W61: =DATE(V61,U61,T61) -> 40057 | X61: Yes | Z61: =DATEDIF(W61,TODAY(),"Y") -> 16 | AA61: =DATEDIF(W61,TODAY(),"YM") -> 4 | AB61: =DATEDIF(W61,TODAY(),"MD") -> 4 | AC61: =CONCATENATE(Z61,"Years","/",,AA61,"Months","/",AB61,"Days") -> 16Years/4Months/4Days | AD61: =(DATE(P61,O61,N61)+21915) -> 51468 | AE61: =DATEDIF(TODAY(),AD61,"Y") -> 14 | AF61: =DATEDIF(TODAY(),AD61,"YM") -> 10 | AG61: =DATEDIF(TODAY(),AD61,"MD") -> 23 | AH61: =CONCATENATE(AE61,"Years","/",AF61,"Months","/",AG61,"Days") -> 14Years/10Months/23Days | AI61: =CONCATENATE(AJ61,"years", " ",",", " ",AK61,"months ","and"," ",AL61,"days") -> 31years , 2months and 27days | AJ61: =DATEDIF(W61,AD61,"Y") -> 31 | AK61: =DATEDIF(W61,AD61,"YM") -> 2 | AL61: =DATEDIF(W61,AD61,"MD") -> 27
A62: 1 | B62: 052 | C62: 031 | D62: 0059 | E62: =CONCATENATE(A62,"/",B62,"/",C62,"/",D62) -> 1/052/031/0059 | G62: B A U Nadeeshani Perera | H62: Teacher | I62: No. 238/42, Guruge Royal City, Akkarapanaha. | J62: 198256203078 | K62: Catholic | L62: 0760990308/0775095188 | M62: cinethra1982@gmail.com | N62: 2 | O62: 3 | P62: 1982 | Q62: =DATE(P62,O62,N62) -> 30012 | R62: =($G$7-Q62)/365 -> 43.876712 | S62: Female | T62: 1 | U62: 9 | V62: 2010 | W62: =DATE(V62,U62,T62) -> 40422 | X62: Yes | Z62: =DATEDIF(W62,TODAY(),"Y") -> 15 | AA62: =DATEDIF(W62,TODAY(),"YM") -> 4 | AB62: =DATEDIF(W62,TODAY(),"MD") -> 4 | AC62: =CONCATENATE(Z62,"Years","/",,AA62,"Months","/",AB62,"Days") -> 15Years/4Months/4Days | AD62: =(DATE(P62,O62,N62)+21915) -> 51927 | AE62: =DATEDIF(TODAY(),AD62,"Y") -> 16 | AF62: =DATEDIF(TODAY(),AD62,"YM") -> 1 | AG62: =DATEDIF(TODAY(),AD62,"MD") -> 25 | AH62: =CONCATENATE(AE62,"Years","/",AF62,"Months","/",AG62,"Days") -> 16Years/1Months/25Days | AI62: =CONCATENATE(AJ62,"years", " ",",", " ",AK62,"months ","and"," ",AL62,"days") -> 31years , 6months and 1days | AJ62: =DATEDIF(W62,AD62,"Y") -> 31 | AK62: =DATEDIF(W62,AD62,"YM") -> 6 | AL62: =DATEDIF(W62,AD62,"MD") -> 1
A63: 1 | B63: 052 | C63: 032 | D63: 0060 | E63: =CONCATENATE(A63,"/",B63,"/",C63,"/",D63) -> 1/052/032/0060 | G63: L Ishani S Samaranayake | H63: Teacher | I63: No. 341/C, Mahahunupitiya, Negombo. | J63: 815531078v | K63: Catholic | L63: 0768822593 | M63: ishanisamaranayake25@gmail.com | N63: 22 | O63: 2 | P63: 1981 | Q63: =DATE(P63,O63,N63) -> 29639 | R63: =($G$7-Q63)/365 -> 44.89863 | S63: Female | T63: 20 | U63: 9 | V63: 2010 | W63: =DATE(V63,U63,T63) -> 40441 | X63: Yes | Z63: =DATEDIF(W63,TODAY(),"Y") -> 15 | AA63: =DATEDIF(W63,TODAY(),"YM") -> 3 | AB63: =DATEDIF(W63,TODAY(),"MD") -> 16 | AC63: =CONCATENATE(Z63,"Years","/",,AA63,"Months","/",AB63,"Days") -> 15Years/3Months/16Days | AD63: =(DATE(P63,O63,N63)+21915) -> 51554 | AE63: =DATEDIF(TODAY(),AD63,"Y") -> 15 | AF63: =DATEDIF(TODAY(),AD63,"YM") -> 1 | AG63: =DATEDIF(TODAY(),AD63,"MD") -> 17 | AH63: =CONCATENATE(AE63,"Years","/",AF63,"Months","/",AG63,"Days") -> 15Years/1Months/17Days | AI63: =CONCATENATE(AJ63,"years", " ",",", " ",AK63,"months ","and"," ",AL63,"days") -> 30years , 5months and 2days | AJ63: =DATEDIF(W63,AD63,"Y") -> 30 | AK63: =DATEDIF(W63,AD63,"YM") -> 5 | AL63: =DATEDIF(W63,AD63,"MD") -> 2
A64: 1 | B64: 052 | C64: 033 | D64: 0061 | E64: =CONCATENATE(A64,"/",B64,"/",C64,"/",D64) -> 1/052/033/0061 | G64: G S Michelle Silva | H64: Teacher | I64: Nalawalana, Gonawila(NWP) 60170 | J64: 917250537v | K64: Catholic | L64: 0772020547/0772020548 | M64: sheringm123@gmail.com | N64: 12 | O64: 8 | P64: 1991 | Q64: =DATE(P64,O64,N64) -> 33462 | R64: =($G$7-Q64)/365 -> 34.424658 | S64: Female | T64: 1 | U64: 9 | V64: 2011 | W64: =DATE(V64,U64,T64) -> 40787 | X64: Yes | Z64: =DATEDIF(W64,TODAY(),"Y") -> 14 | AA64: =DATEDIF(W64,TODAY(),"YM") -> 4 | AB64: =DATEDIF(W64,TODAY(),"MD") -> 4 | AC64: =CONCATENATE(Z64,"Years","/",,AA64,"Months","/",AB64,"Days") -> 14Years/4Months/4Days | AD64: =(DATE(P64,O64,N64)+21915) -> 55377 | AE64: =DATEDIF(TODAY(),AD64,"Y") -> 25 | AF64: =DATEDIF(TODAY(),AD64,"YM") -> 7 | AG64: =DATEDIF(TODAY(),AD64,"MD") -> 7 | AH64: =CONCATENATE(AE64,"Years","/",AF64,"Months","/",AG64,"Days") -> 25Years/7Months/7Days | AI64: =CONCATENATE(AJ64,"years", " ",",", " ",AK64,"months ","and"," ",AL64,"days") -> 39years , 11months and 11days | AJ64: =DATEDIF(W64,AD64,"Y") -> 39 | AK64: =DATEDIF(W64,AD64,"YM") -> 11 | AL64: =DATEDIF(W64,AD64,"MD") -> 11
... A74: 1 | B74: 052 | C74: 048 | D74: 0076 | E74: =CONCATENATE(A74,"/",B74,"/",C74,"/",D74) -> 1/052/048/0076 | G74: H.Niroshi M. Peiris | H74: Teacher | I74: 575/5, 3rd Kurana, Colombo Road, Negombo | J74: 806910457v | K74: Catholic | L74: 0760990317/0760990318 | M74: niroshinipeiris@gmail.com | N74: 9 | O74: 7 | P74: 1980 | Q74: =DATE(P74,O74,N74) -> 29411 | R74: =($G$7-Q74)/365 -> 45.523288 | S74: Female | T74: 13 | U74: 5 | V74: 2015 | W74: =DATE(V74,U74,T74) -> 42137 | X74: Yes | Z74: =DATEDIF(W74,TODAY(),"Y") -> 10 | AA74: =DATEDIF(W74,TODAY(),"YM") -> 7 | AB74: =DATEDIF(W74,TODAY(),"MD") -> 23 | AC74: =CONCATENATE(Z74,"Years","/",,AA74,"Months","/",AB74,"Days") -> 10Years/7Months/23Days | AD74: =(DATE(P74,O74,N74)+21915) -> 51326 | AE74: =DATEDIF(TODAY(),AD74,"Y") -> 14 | AF74: =DATEDIF(TODAY(),AD74,"YM") -> 6 | AG74: =DATEDIF(TODAY(),AD74,"MD") -> 4 | AH74: =CONCATENATE(AE74,"Years","/",AF74,"Months","/",AG74,"Days") -> 14Years/6Months/4Days | AI74: =CONCATENATE(AJ74,"years", " ",",", " ",AK74,"months ","and"," ",AL74,"days") -> 25years , 1months and 26days | AJ74: =DATEDIF(W74,AD74,"Y") -> 25 | AK74: =DATEDIF(W74,AD74,"YM") -> 1 | AL74: =DATEDIF(W74,AD74,"MD") -> 26
A75: 1 | B75: 052 | C75: 049 | D75: 0077 | E75: =CONCATENATE(A75,"/",B75,"/",C75,"/",D75) -> 1/052/049/0077 | G75: R.D. Rochelle S. Perera | H75: Teacher | I75: No. 1, Cardinal Cooray Mawatha, Negombo. | J75: 948311518v | K75: Catholic | L75: 0757231187 | M75: shashiniperera194@gmail.com | N75: 26 | O75: 11 | P75: 1994 | Q75: =DATE(P75,O75,N75) -> 34664 | R75: =($G$7-Q75)/365 -> 31.131507 | S75: Female | T75: 1 | U75: 6 | V75: 2015 | W75: =DATE(V75,U75,T75) -> 42156 | X75: Yes | Z75: =DATEDIF(W75,TODAY(),"Y") -> 10 | AA75: =DATEDIF(W75,TODAY(),"YM") -> 7 | AB75: =DATEDIF(W75,TODAY(),"MD") -> 4 | AC75: =CONCATENATE(Z75,"Years","/",,AA75,"Months","/",AB75,"Days") -> 10Years/7Months/4Days | AD75: =(DATE(P75,O75,N75)+21915) -> 56579 | AE75: =DATEDIF(TODAY(),AD75,"Y") -> 28 | AF75: =DATEDIF(TODAY(),AD75,"YM") -> 10 | AG75: =DATEDIF(TODAY(),AD75,"MD") -> 21 | AH75: =CONCATENATE(AE75,"Years","/",AF75,"Months","/",AG75,"Days") -> 28Years/10Months/21Days | AI75: =CONCATENATE(AJ75,"years", " ",",", " ",AK75,"months ","and"," ",AL75,"days") -> 39years , 5months and 25days | AJ75: =DATEDIF(W75,AD75,"Y") -> 39 | AK75: =DATEDIF(W75,AD75,"YM") -> 5 | AL75: =DATEDIF(W75,AD75,"MD") -> 25
A76: 1 | B76: 052 | C76: 050 | D76: 0078 | E76: =CONCATENATE(A76,"/",B76,"/",C76,"/",D76) -> 1/052/050/0078 | G76: Sanduni Ruchina Welgamage | H76: Teacher | I76: No. 74, Wester Citten Estate, N/Kadirana, Demanhandiya | J76: 937850417v | K76: Buddhist | L76: 774062905 | M76: saduniwelgama1993@gmail.com | N76: 11 | O76: 10 | P76: 1993 | Q76: =DATE(P76,O76,N76) -> 34253 | R76: =($G$7-Q76)/365 -> 32.257534 | S76: Female | T76: 1 | U76: 9 | V76: 2015 | W76: =DATE(V76,U76,T76) -> 42248 | X76: Yes | Z76: =DATEDIF(W76,TODAY(),"Y") -> 10 | AA76: =DATEDIF(W76,TODAY(),"YM") -> 4 | AB76: =DATEDIF(W76,TODAY(),"MD") -> 4 | AC76: =CONCATENATE(Z76,"Years","/",,AA76,"Months","/",AB76,"Days") -> 10Years/4Months/4Days | AD76: =(DATE(P76,O76,N76)+21915) -> 56168 | AE76: =DATEDIF(TODAY(),AD76,"Y") -> 27 | AF76: =DATEDIF(TODAY(),AD76,"YM") -> 9 | AG76: =DATEDIF(TODAY(),AD76,"MD") -> 6 | AH76: =CONCATENATE(AE76,"Years","/",AF76,"Months","/",AG76,"Days") -> 27Years/9Months/6Days | AI76: =CONCATENATE(AJ76,"years", " ",",", " ",AK76,"months ","and"," ",AL76,"days") -> 38years , 1months and 10days | AJ76: =DATEDIF(W76,AD76,"Y") -> 38 | AK76: =DATEDIF(W76,AD76,"YM") -> 1 | AL76: =DATEDIF(W76,AD76,"MD") -> 10
A77: 1 | B77: 052 | C77: 052 | D77: 0080 | E77: =CONCATENATE(A77,"/",B77,"/",C77,"/",D77) -> 1/052/052/0080 | G77: Ruvini K.D. Dissanayake | H77: Teacher | I77: 243, Nugawela Road, Mahahunupitiya, Negombo | J77: 827750590v | K77: Catholic | L77: 0779346696/0770517282 | M77: ruvini1.lk@gmail.com | N77: 1 | O77: 10 | P77: 1982 | Q77: =DATE(P77,O77,N77) -> 30225 | R77: =($G$7-Q77)/365 -> 43.293151 | S77: Female | T77: 15 | U77: 9 | V77: 2015 | W77: =DATE(V77,U77,T77) -> 42262 | X77: Yes | Z77: =DATEDIF(W77,TODAY(),"Y") -> 10 | AA77: =DATEDIF(W77,TODAY(),"YM") -> 3 | AB77: =DATEDIF(W77,TODAY(),"MD") -> 21 | AC77: =CONCATENATE(Z77,"Years","/",,AA77,"Months","/",AB77,"Days") -> 10Years/3Months/21Days | AD77: =(DATE(P77,O77,N77)+21915) -> 52140 | AE77: =DATEDIF(TODAY(),AD77,"Y") -> 16 | AF77: =DATEDIF(TODAY(),AD77,"YM") -> 8 | AG77: =DATEDIF(TODAY(),AD77,"MD") -> 26 | AH77: =CONCATENATE(AE77,"Years","/",AF77,"Months","/",AG77,"Days") -> 16Years/8Months/26Days | AI77: =CONCATENATE(AJ77,"years", " ",",", " ",AK77,"months ","and"," ",AL77,"days") -> 27years , 0months and 16days | AJ77: =DATEDIF(W77,AD77,"Y") -> 27 | AK77: =DATEDIF(W77,AD77,"YM") -> 0 | AL77: =DATEDIF(W77,AD77,"MD") -> 16
A78: 1 | B78: 052 | C78: 054 | D78: 0082 | E78: =CONCATENATE(A78,"/",B78,"/",C78,"/",D78) -> 1/052/054/0082 | G78: Warnakulasooriya Shanika Sureni Meriyam Fernando | H78: Teacher | I78: No. 400/A, Minuwangoda Road, Bolawalana, Negombo. | J78: 867731580v | K78: Catholic | L78: 772264551 | M78: sureni.fdo@gmail.com | N78: 29 | O78: 9 | P78: 1986 | Q78: =DATE(P78,O78,N78) -> 31684 | R78: =($G$7-Q78)/365 -> 39.29589 | S78: Female | T78: 1 | U78: 10 | V78: 2015 | W78: =DATE(V78,U78,T78) -> 42278 | X78: Yes | Z78: =DATEDIF(W78,TODAY(),"Y") -> 10 | AA78: =DATEDIF(W78,TODAY(),"YM") -> 3 | AB78: =DATEDIF(W78,TODAY(),"MD") -> 4 | AC78: =CONCATENATE(Z78,"Years","/",,AA78,"Months","/",AB78,"Days") -> 10Years/3Months/4Days | AD78: =(DATE(P78,O78,N78)+21915) -> 53599 | AE78: =DATEDIF(TODAY(),AD78,"Y") -> 20 | AF78: =DATEDIF(TODAY(),AD78,"YM") -> 8 | AG78: =DATEDIF(TODAY(),AD78,"MD") -> 24 | AH78: =CONCATENATE(AE78,"Years","/",AF78,"Months","/",AG78,"Days") -> 20Years/8Months/24Days | AI78: =CONCATENATE(AJ78,"years", " ",",", " ",AK78,"months ","and"," ",AL78,"days") -> 30years , 11months and 28days | AJ78: =DATEDIF(W78,AD78,"Y") -> 30 | AK78: =DATEDIF(W78,AD78,"YM") -> 11 | AL78: =DATEDIF(W78,AD78,"MD") -> 28
A79: 1 | B79: 052 | C79: 055 | D79: 0083 | E79: =CONCATENATE(A79,"/",B79,"/",C79,"/",D79) -> 1/052/055/0083 | G79: S A Nishanthi S Gunasekara | H79: P.T.I. | I79: No. 5, Youn Street, Periyamulla, Negombo. | J79: 198271900578 | K79: Catholic | L79: 776552026 | M79: nishanthigunasekara.1982@gmail.com | N79: 6 | O79: 8 | P79: 1982 | Q79: =DATE(P79,O79,N79) -> 30169 | R79: =($G$7-Q79)/365 -> 43.446575 | S79: Female | T79: 2 | U79: 2 | V79: 2017 | W79: =DATE(V79,U79,T79) -> 42768 | X79: Yes | Z79: =DATEDIF(W79,TODAY(),"Y") -> 8 | AA79: =DATEDIF(W79,TODAY(),"YM") -> 11 | AB79: =DATEDIF(W79,TODAY(),"MD") -> 3 | AC79: =CONCATENATE(Z79,"Years","/",,AA79,"Months","/",AB79,"Days") -> 8Years/11Months/3Days | AD79: =(DATE(P79,O79,N79)+21915) -> 52084 | AE79: =DATEDIF(TODAY(),AD79,"Y") -> 16 | AF79: =DATEDIF(TODAY(),AD79,"YM") -> 7 | AG79: =DATEDIF(TODAY(),AD79,"MD") -> 1 | AH79: =CONCATENATE(AE79,"Years","/",AF79,"Months","/",AG79,"Days") -> 16Years/7Months/1Days | AI79: =CONCATENATE(AJ79,"years", " ",",", " ",AK79,"months ","and"," ",AL79,"days") -> 25years , 6months and 4days | AJ79: =DATEDIF(W79,AD79,"Y") -> 25 | AK79: =DATEDIF(W79,AD79,"YM") -> 6 | AL79: =DATEDIF(W79,AD79,"MD") -> 4
A80: 1 | B80: 052 | C80: 057 | D80: 0085 | E80: =CONCATENATE(A80,"/",B80,"/",C80,"/",D80) -> 1/052/057/0085 | G80: M. A. Dimuthu Chamara | H80: Teacher | I80: 18, Courts Junction, Katana. | J80: 802143540v | K80: Buddhist | L80: 0724423400 | M80: dimuthuchamara@gmail.com | N80: 1 | O80: 8 | P80: 1980 | Q80: =DATE(P80,O80,N80) -> 29434 | R80: =($G$7-Q80)/365 -> 45.460274 | S80: Male | T80: 6 | U80: 9 | V80: 2017 | W80: =DATE(V80,U80,T80) -> 42984 | X80: Yes | Z80: =DATEDIF(W80,TODAY(),"Y") -> 8 | AA80: =DATEDIF(W80,TODAY(),"YM") -> 3 | AB80: =DATEDIF(W80,TODAY(),"MD") -> 30 | AC80: =CONCATENATE(Z80,"Years","/",,AA80,"Months","/",AB80,"Days") -> 8Years/3Months/30Days | AD80: =(DATE(P80,O80,N80)+21915) -> 51349 | AE80: =DATEDIF(TODAY(),AD80,"Y") -> 14 | AF80: =DATEDIF(TODAY(),AD80,"YM") -> 6 | AG80: =DATEDIF(TODAY(),AD80,"MD") -> 27 | AH80: =CONCATENATE(AE80,"Years","/",AF80,"Months","/",AG80,"Days") -> 14Years/6Months/27Days | AI80: =CONCATENATE(AJ80,"years", " ",",", " ",AK80,"months ","and"," ",AL80,"days") -> 22years , 10months and 26days | AJ80: =DATEDIF(W80,AD80,"Y") -> 22 | AK80: =DATEDIF(W80,AD80,"YM") -> 10 | AL80: =DATEDIF(W80,AD80,"MD") -> 26
A81: 1 | B81: 052 | C81: 060 | D81: 0088 | E81: =CONCATENATE(A81,"/",B81,"/",C81,"/",D81) -> 1/052/060/0088 | G81: M.A. Dilukshika Umayangani | H81: Teacher | I81: No. 560/1C, Janapada Mawatha, Daluwakotuwa, Kochchikade | J81: 198664900783 | K81: Buddhist | L81: 0777208347 | M81: gmkdil@gmail.com | N81: 28 | O81: 5 | P81: 1986 | Q81: =DATE(P81,O81,N81) -> 31560 | R81: =($G$7-Q81)/365 -> 39.635616 | S81: Female | T81: 23 | U81: 4 | V81: 2018 | W81: =DATE(V81,U81,T81) -> 43213 | X81: Yes | Z81: =DATEDIF(W81,TODAY(),"Y") -> 7 | AA81: =DATEDIF(W81,TODAY(),"YM") -> 8 | AB81: =DATEDIF(W81,TODAY(),"MD") -> 13 | AC81: =CONCATENATE(Z81,"Years","/",,AA81,"Months","/",AB81,"Days") -> 7Years/8Months/13Days | AD81: =(DATE(P81,O81,N81)+21915) -> 53475 | AE81: =DATEDIF(TODAY(),AD81,"Y") -> 20 | AF81: =DATEDIF(TODAY(),AD81,"YM") -> 4 | AG81: =DATEDIF(TODAY(),AD81,"MD") -> 23 | AH81: =CONCATENATE(AE81,"Years","/",AF81,"Months","/",AG81,"Days") -> 20Years/4Months/23Days | AI81: =CONCATENATE(AJ81,"years", " ",",", " ",AK81,"months ","and"," ",AL81,"days") -> 28years , 1months and 5days | AJ81: =DATEDIF(W81,AD81,"Y") -> 28 | AK81: =DATEDIF(W81,AD81,"YM") -> 1 | AL81: =DATEDIF(W81,AD81,"MD") -> 5
A82: 1 | B82: 052 | C82: 061 | D82: 0089 | E82: =CONCATENATE(A82,"/",B82,"/",C82,"/",D82) -> 1/052/061/0089 | G82: L.A.Nadeesha M. Andradi | H82: Teacher | I82: No. 18, Kaluwarippuwa West, Katana. | J82: 856453103v | K82: Buddhist | L82: 710789363 | M82: nadeeshaandradi@gmail.com | N82: 24 | O82: 5 | P82: 1985 | Q82: =DATE(P82,O82,N82) -> 31191 | R82: =($G$7-Q82)/365 -> 40.646575 | S82: Female | T82: 4 | U82: 9 | V82: 2018 | W82: =DATE(V82,U82,T82) -> 43347 | X82: Yes | Z82: =DATEDIF(W82,TODAY(),"Y") -> 7 | AA82: =DATEDIF(W82,TODAY(),"YM") -> 4 | AB82: =DATEDIF(W82,TODAY(),"MD") -> 1 | AC82: =CONCATENATE(Z82,"Years","/",,AA82,"Months","/",AB82,"Days") -> 7Years/4Months/1Days | AD82: =(DATE(P82,O82,N82)+21915) -> 53106 | AE82: =DATEDIF(TODAY(),AD82,"Y") -> 19 | AF82: =DATEDIF(TODAY(),AD82,"YM") -> 4 | AG82: =DATEDIF(TODAY(),AD82,"MD") -> 19 | AH82: =CONCATENATE(AE82,"Years","/",AF82,"Months","/",AG82,"Days") -> 19Years/4Months/19Days | AI82: =CONCATENATE(AJ82,"years", " ",",", " ",AK82,"months ","and"," ",AL82,"days") -> 26years , 8months and 20days | AJ82: =DATEDIF(W82,AD82,"Y") -> 26 | AK82: =DATEDIF(W82,AD82,"YM") -> 8 | AL82: =DATEDIF(W82,AD82,"MD") -> 20
A83: 1 | B83: 052 | C83: 063 | D83: 0091 | E83: =CONCATENATE(A83,"/",B83,"/",C83,"/",D83) -> 1/052/063/0091 | G83: Dominica F. Rexie | H83: Teacher | I83: No. 78, Church Road, Kandana. | J83: 808543192v | K83: Catholic | L83: 0776086534 | M83: dominicarex@gmail.com | N83: 19 | O83: 12 | P83: 1980 | Q83: =DATE(P83,O83,N83) -> 29574 | R83: =($G$7-Q83)/365 -> 45.076712 | S83: Female | T83: 2 | U83: 6 | V83: 2019 | W83: =DATE(V83,U83,T83) -> 43618 | X83: Yes | Z83: =DATEDIF(W83,TODAY(),"Y") -> 6 | AA83: =DATEDIF(W83,TODAY(),"YM") -> 7 | AB83: =DATEDIF(W83,TODAY(),"MD") -> 3 | AC83: =CONCATENATE(Z83,"Years","/",,AA83,"Months","/",AB83,"Days") -> 6Years/7Months/3Days | AD83: =(DATE(P83,O83,N83)+21915) -> 51489 | AE83: =DATEDIF(TODAY(),AD83,"Y") -> 14 | AF83: =DATEDIF(TODAY(),AD83,"YM") -> 11 | AG83: =DATEDIF(TODAY(),AD83,"MD") -> 14 | AH83: =CONCATENATE(AE83,"Years","/",AF83,"Months","/",AG83,"Days") -> 14Years/11Months/14Days | AI83: =CONCATENATE(AJ83,"years", " ",",", " ",AK83,"months ","and"," ",AL83,"days") -> 21years , 6months and 17days | AJ83: =DATEDIF(W83,AD83,"Y") -> 21 | AK83: =DATEDIF(W83,AD83,"YM") -> 6 | AL83: =DATEDIF(W83,AD83,"MD") -> 17
A84: 1 | B84: 052 | C84: 065 | D84: 0093 | E84: =CONCATENATE(A84,"/",B84,"/",C84,"/",D84) -> 1/052/065/0093 | G84: M.Upeka S. Molligoda | H84: Teacher | I84: No. 254/1, Geethanjalee, Konndagammulla, Demanhadiya | J84: 199965701955 | K84: Catholic | L84: 0768977248 | M84: upeka.sewwandi01@gmail.com | N84: 21 | O84: 5 | P84: 1999 | Q84: =DATE(P84,O84,N84) -> 36301 | R84: =($G$7-Q84)/365 -> 26.646575 | S84: Female | T84: 21 | U84: 5 | V84: 2019 | W84: =DATE(V84,U84,T84) -> 43606 | X84: Yes | Z84: =DATEDIF(W84,TODAY(),"Y") -> 6 | AA84: =DATEDIF(W84,TODAY(),"YM") -> 7 | AB84: =DATEDIF(W84,TODAY(),"MD") -> 15 | AC84: =CONCATENATE(Z84,"Years","/",,AA84,"Months","/",AB84,"Days") -> 6Years/7Months/15Days | AD84: =(DATE(P84,O84,N84)+21915) -> 58216 | AE84: =DATEDIF(TODAY(),AD84,"Y") -> 33 | AF84: =DATEDIF(TODAY(),AD84,"YM") -> 4 | AG84: =DATEDIF(TODAY(),AD84,"MD") -> 16 | AH84: =CONCATENATE(AE84,"Years","/",AF84,"Months","/",AG84,"Days") -> 33Years/4Months/16Days | AI84: =CONCATENATE(AJ84,"years", " ",",", " ",AK84,"months ","and"," ",AL84,"days") -> 40years , 0months and 0days | AJ84: =DATEDIF(W84,AD84,"Y") -> 40 | AK84: =DATEDIF(W84,AD84,"YM") -> 0 | AL84: =DATEDIF(W84,AD84,"MD") -> 0
A85: 1 | B85: 052 | C85: 066 | D85: 0094 | E85: =CONCATENATE(A85,"/",B85,"/",C85,"/",D85) -> 1/052/066/0094 | G85: R Chathuri U Fernando | H85: Teacher | I85: No. 413/1, Nelumpitiya, Thimbirigaskatuwa, Negombo. | J85: 198779002585 | K85: Catholic | L85: 0712298341/0703230582 | M85: r.upekshafdo@gmail.com | N85: 16 | O85: 10 | P85: 1987 | Q85: =DATE(P85,O85,N85) -> 32066 | R85: =($G$7-Q85)/365 -> 38.249315 | S85: Female | T85: 3 | U85: 9 | V85: 2019 | W85: =DATE(V85,U85,T85) -> 43711 | X85: Yes | Z85: =DATEDIF(W85,TODAY(),"Y") -> 6 | AA85: =DATEDIF(W85,TODAY(),"YM") -> 4 | AB85: =DATEDIF(W85,TODAY(),"MD") -> 2 | AC85: =CONCATENATE(Z85,"Years","/",,AA85,"Months","/",AB85,"Days") -> 6Years/4Months/2Days | AD85: =(DATE(P85,O85,N85)+21915) -> 53981 | AE85: =DATEDIF(TODAY(),AD85,"Y") -> 21 | AF85: =DATEDIF(TODAY(),AD85,"YM") -> 9 | AG85: =DATEDIF(TODAY(),AD85,"MD") -> 11 | AH85: =CONCATENATE(AE85,"Years","/",AF85,"Months","/",AG85,"Days") -> 21Years/9Months/11Days | AI85: =CONCATENATE(AJ85,"years", " ",",", " ",AK85,"months ","and"," ",AL85,"days") -> 28years , 1months and 13days | AJ85: =DATEDIF(W85,AD85,"Y") -> 28 | AK85: =DATEDIF(W85,AD85,"YM") -> 1 | AL85: =DATEDIF(W85,AD85,"MD") -> 13
A86: 1 | B86: 052 | C86: 071 | D86: 0099 | E86: =CONCATENATE(A86,"/",B86,"/",C86,"/",D86) -> 1/052/071/0099 | G86: M P W Rosheni I Peiris | H86: Teacher | I86: No. 236/C, Blue Mountains, Keenakale Estate, Mudukatuwa, Marawila. | J86: 896574019v | K86: Catholic | L86: 0779085189 | M86: roshenipeiris@gmail.com | N86: 5 | O86: 6 | P86: 1989 | Q86: =DATE(P86,O86,N86) -> 32664 | R86: =($G$7-Q86)/365 -> 36.610959 | S86: Female | T86: 16 | U86: 9 | V86: 2020 | W86: =DATE(V86,U86,T86) -> 44090 | X86: Yes | Z86: =DATEDIF(W86,TODAY(),"Y") -> 5 | AA86: =DATEDIF(W86,TODAY(),"YM") -> 3 | AB86: =DATEDIF(W86,TODAY(),"MD") -> 20 | AC86: =CONCATENATE(Z86,"Years","/",,AA86,"Months","/",AB86,"Days") -> 5Years/3Months/20Days | AD86: =(DATE(P86,O86,N86)+21915) -> 54579 | AE86: =DATEDIF(TODAY(),AD86,"Y") -> 23 | AF86: =DATEDIF(TODAY(),AD86,"YM") -> 5 | AG86: =DATEDIF(TODAY(),AD86,"MD") -> 0 | AH86: =CONCATENATE(AE86,"Years","/",AF86,"Months","/",AG86,"Days") -> 23Years/5Months/0Days | AI86: =CONCATENATE(AJ86,"years", " ",",", " ",AK86,"months ","and"," ",AL86,"days") -> 28years , 8months and 20days | AJ86: =DATEDIF(W86,AD86,"Y") -> 28 | AK86: =DATEDIF(W86,AD86,"YM") -> 8 | AL86: =DATEDIF(W86,AD86,"MD") -> 20
A87: 1 | B87: 052 | C87: 073 | D87: 0101 | E87: =CONCATENATE(A87,"/",B87,"/",C87,"/",D87) -> 1/052/073/0101 | G87: G Niromi Trilishiya Fernando | H87: Teacher | I87: No. 40/02, Halpe, Katana. | J87: 897753081v | K87: Catholic | L87: 775903067 | M87: niromifernando3@gmail.com | N87: 1 | O87: 10 | P87: 1989 | Q87: =DATE(P87,O87,N87) -> 32782 | R87: =($G$7-Q87)/365 -> 36.287671 | S87: Female | T87: 2 | U87: 10 | V87: 2020 | W87: =DATE(V87,U87,T87) -> 44106 | X87: Yes | Z87: =DATEDIF(W87,TODAY(),"Y") -> 5 | AA87: =DATEDIF(W87,TODAY(),"YM") -> 3 | AB87: =DATEDIF(W87,TODAY(),"MD") -> 3 | AC87: =CONCATENATE(Z87,"Years","/",,AA87,"Months","/",AB87,"Days") -> 5Years/3Months/3Days | AD87: =(DATE(P87,O87,N87)+21915) -> 54697 | AE87: =DATEDIF(TODAY(),AD87,"Y") -> 23 | AF87: =DATEDIF(TODAY(),AD87,"YM") -> 8 | AG87: =DATEDIF(TODAY(),AD87,"MD") -> 26 | AH87: =CONCATENATE(AE87,"Years","/",AF87,"Months","/",AG87,"Days") -> 23Years/8Months/26Days | AI87: =CONCATENATE(AJ87,"years", " ",",", " ",AK87,"months ","and"," ",AL87,"days") -> 28years , 11months and 29days | AJ87: =DATEDIF(W87,AD87,"Y") -> 28 | AK87: =DATEDIF(W87,AD87,"YM") -> 11 | AL87: =DATEDIF(W87,AD87,"MD") -> 29
A88: 1 | B88: 052 | C88: 075 | D88: 0103 | E88: =CONCATENATE(A88,"/",B88,"/",C88,"/",D88) -> 1/052/075/0103 | G88: M Dilkie M R Perera | H88: Teacher | I88: No. 437, Sellakanda Road, Negombo. | J88: 907402177v | K88: Catholic | L88: 711720098 | M88: dilkie123@gmail.com | N88: 27 | O88: 8 | P88: 1990 | Q88: =DATE(P88,O88,N88) -> 33112 | R88: =($G$7-Q88)/365 -> 35.383562 | S88: Female | T88: 16 | U88: 9 | V88: 2021 | W88: =DATE(V88,U88,T88) -> 44455 | X88: Yes | Z88: =DATEDIF(W88,TODAY(),"Y") -> 4 | AA88: =DATEDIF(W88,TODAY(),"YM") -> 3 | AB88: =DATEDIF(W88,TODAY(),"MD") -> 20 | AC88: =CONCATENATE(Z88,"Years","/",,AA88,"Months","/",AB88,"Days") -> 4Years/3Months/20Days | AD88: =(DATE(P88,O88,N88)+21915) -> 55027 | AE88: =DATEDIF(TODAY(),AD88,"Y") -> 24 | AF88: =DATEDIF(TODAY(),AD88,"YM") -> 7 | AG88: =DATEDIF(TODAY(),AD88,"MD") -> 22 | AH88: =CONCATENATE(AE88,"Years","/",AF88,"Months","/",AG88,"Days") -> 24Years/7Months/22Days | AI88: =CONCATENATE(AJ88,"years", " ",",", " ",AK88,"months ","and"," ",AL88,"days") -> 28years , 11months and 11days | AJ88: =DATEDIF(W88,AD88,"Y") -> 28 | AK88: =DATEDIF(W88,AD88,"YM") -> 11 | AL88: =DATEDIF(W88,AD88,"MD") -> 11
A89: 1 | B89: 052 | C89: 076 | D89: 0104 | E89: =CONCATENATE(A89,"/",B89,"/",C89,"/",D89) -> 1/052/076/0104 | G89: A D Iresha Nuwanthi | H89: Teacher | I89: No. 390/06, Kularathna Mawatha, Katuwapitiya, Negombo. | J89: 935970865v | K89: Catholic | L89: 768696702 | M89: nuwanthi597@gmail.com | N89: 16 | O89: 9 | P89: 1993 | Q89: =DATE(P89,O89,N89) -> 34228 | R89: =($G$7-Q89)/365 -> 32.326027 | S89: Female | T89: 16 | U89: 9 | V89: 2021 | W89: =DATE(V89,U89,T89) -> 44455 | X89: Yes | Z89: =DATEDIF(W89,TODAY(),"Y") -> 4 | AA89: =DATEDIF(W89,TODAY(),"YM") -> 3 | AB89: =DATEDIF(W89,TODAY(),"MD") -> 20 | AC89: =CONCATENATE(Z89,"Years","/",,AA89,"Months","/",AB89,"Days") -> 4Years/3Months/20Days | AD89: =(DATE(P89,O89,N89)+21915) -> 56143 | AE89: =DATEDIF(TODAY(),AD89,"Y") -> 27 | AF89: =DATEDIF(TODAY(),AD89,"YM") -> 8 | AG89: =DATEDIF(TODAY(),AD89,"MD") -> 11 | AH89: =CONCATENATE(AE89,"Years","/",AF89,"Months","/",AG89,"Days") -> 27Years/8Months/11Days | AI89: =CONCATENATE(AJ89,"years", " ",",", " ",AK89,"months ","and"," ",AL89,"days") -> 32years , 0months and 0days | AJ89: =DATEDIF(W89,AD89,"Y") -> 32 | AK89: =DATEDIF(W89,AD89,"YM") -> 0 | AL89: =DATEDIF(W89,AD89,"MD") -> 0
A90: 1 | B90: 052 | C90: 077 | D90: 0105 | E90: =CONCATENATE(A90,"/",B90,"/",C90,"/",D90) -> 1/052/077/0105 | G90: K P Sanduni N Perera | H90: Teacher | I90: Sri Wickrama Rajasinghe Road, Bolawalana, Negombo. | J90: 965470638v | K90: Catholic | L90: 770545408 | M90: sanduninadeeshatkd@gmail.com | N90: 16 | O90: 2 | P90: 1996 | Q90: =DATE(P90,O90,N90) -> 35111 | R90: =($G$7-Q90)/365 -> 29.906849 | S90: Female | T90: 16 | U90: 9 | V90: 2021 | W90: =DATE(V90,U90,T90) -> 44455 | X90: Yes | Z90: =DATEDIF(W90,TODAY(),"Y") -> 4 | AA90: =DATEDIF(W90,TODAY(),"YM") -> 3 | AB90: =DATEDIF(W90,TODAY(),"MD") -> 20 | AC90: =CONCATENATE(Z90,"Years","/",,AA90,"Months","/",AB90,"Days") -> 4Years/3Months/20Days | AD90: =(DATE(P90,O90,N90)+21915) -> 57026 | AE90: =DATEDIF(TODAY(),AD90,"Y") -> 30 | AF90: =DATEDIF(TODAY(),AD90,"YM") -> 1 | AG90: =DATEDIF(TODAY(),AD90,"MD") -> 11 | AH90: =CONCATENATE(AE90,"Years","/",AF90,"Months","/",AG90,"Days") -> 30Years/1Months/11Days | AI90: =CONCATENATE(AJ90,"years", " ",",", " ",AK90,"months ","and"," ",AL90,"days") -> 34years , 5months and 0days | AJ90: =DATEDIF(W90,AD90,"Y") -> 34 | AK90: =DATEDIF(W90,AD90,"YM") -> 5 | AL90: =DATEDIF(W90,AD90,"MD") -> 0
A91: 1 | B91: 052 | C91: 078 | D91: 0106 | E91: =CONCATENATE(A91,"/",B91,"/",C91,"/",D91) -> 1/052/078/0106 | G91: C K Viraj Rodrigo | H91: Swimming Coach | I91: 65, Maha Santhiyago Mawatha, Colombo 15. | J91: 902131442v | K91: Catholic | L91: 756143628 | M91: kaushalrodrigo@gmail.com | N91: 31 | O91: 7 | P91: 1990 | Q91: =DATE(P91,O91,N91) -> 33085 | R91: =($G$7-Q91)/365 -> 35.457534 | S91: Male | T91: 3 | U91: 1 | V91: 2022 | W91: =DATE(V91,U91,T91) -> 44564 | X91: Yes | Z91: =DATEDIF(W91,TODAY(),"Y") -> 4 | AA91: =DATEDIF(W91,TODAY(),"YM") -> 0 | AB91: =DATEDIF(W91,TODAY(),"MD") -> 2 | AC91: =CONCATENATE(Z91,"Years","/",,AA91,"Months","/",AB91,"Days") -> 4Years/0Months/2Days | AD91: =(DATE(P91,O91,N91)+21915) -> 55000 | AE91: =DATEDIF(TODAY(),AD91,"Y") -> 24 | AF91: =DATEDIF(TODAY(),AD91,"YM") -> 6 | AG91: =DATEDIF(TODAY(),AD91,"MD") -> 26 | AH91: =CONCATENATE(AE91,"Years","/",AF91,"Months","/",AG91,"Days") -> 24Years/6Months/26Days | AI91: =CONCATENATE(AJ91,"years", " ",",", " ",AK91,"months ","and"," ",AL91,"days") -> 28years , 6months and 28days | AJ91: =DATEDIF(W91,AD91,"Y") -> 28 | AK91: =DATEDIF(W91,AD91,"YM") -> 6 | AL91: =DATEDIF(W91,AD91,"MD") -> 28
A92: 1 | B92: 052 | C92: 079 | D92: 0107 | E92: =CONCATENATE(A92,"/",B92,"/",C92,"/",D92) -> 1/052/079/0107 | G92: P M D Sahana D Philip | H92: Teacher | I92: No. 252/C, Chilaw Road, Waikkala. | J92: 928523519v | K92: Catholic | L92: 711735612 | M92: dinuphilip92@gmail.com | N92: 17 | O92: 12 | P92: 1992 | Q92: =DATE(P92,O92,N92) -> 33955 | R92: =($G$7-Q92)/365 -> 33.073973 | S92: Female | T92: 4 | U92: 1 | V92: 2022 | W92: =DATE(V92,U92,T92) -> 44565 | X92: Yes | Z92: =DATEDIF(W92,TODAY(),"Y") -> 4 | AA92: =DATEDIF(W92,TODAY(),"YM") -> 0 | AB92: =DATEDIF(W92,TODAY(),"MD") -> 1 | AC92: =CONCATENATE(Z92,"Years","/",,AA92,"Months","/",AB92,"Days") -> 4Years/0Months/1Days | AD92: =(DATE(P92,O92,N92)+21915) -> 55870 | AE92: =DATEDIF(TODAY(),AD92,"Y") -> 26 | AF92: =DATEDIF(TODAY(),AD92,"YM") -> 11 | AG92: =DATEDIF(TODAY(),AD92,"MD") -> 12 | AH92: =CONCATENATE(AE92,"Years","/",AF92,"Months","/",AG92,"Days") -> 26Years/11Months/12Days | AI92: =CONCATENATE(AJ92,"years", " ",",", " ",AK92,"months ","and"," ",AL92,"days") -> 30years , 11months and 13days | AJ92: =DATEDIF(W92,AD92,"Y") -> 30 | AK92: =DATEDIF(W92,AD92,"YM") -> 11 | AL92: =DATEDIF(W92,AD92,"MD") -> 13
A93: 1 | B93: 052 | C93: 080 | D93: 0108 | E93: =CONCATENATE(A93,"/",B93,"/",C93,"/",D93) -> 1/052/080/0108 | G93: M Vinuri N Fernando | H93: Teacher Assistant | I93: No. 44, Jayasri Mawatha, Rukkaththana Junction, Negombo. | J93: 985512426v | K93: Catholic | L93: 767826941 | M93: niranjikafernando@gmail.com | N93: 20 | O93: 2 | P93: 1998 | Q93: =DATE(P93,O93,N93) -> 35846 | R93: =($G$7-Q93)/365 -> 27.893151 | S93: Female | T93: 4 | U93: 1 | V93: 2022 | W93: =DATE(V93,U93,T93) -> 44565 | X93: Yes | Z93: =DATEDIF(W93,TODAY(),"Y") -> 4 | AA93: =DATEDIF(W93,TODAY(),"YM") -> 0 | AB93: =DATEDIF(W93,TODAY(),"MD") -> 1 | AC93: =CONCATENATE(Z93,"Years","/",,AA93,"Months","/",AB93,"Days") -> 4Years/0Months/1Days | AD93: =(DATE(P93,O93,N93)+21915) -> 57761 | AE93: =DATEDIF(TODAY(),AD93,"Y") -> 32 | AF93: =DATEDIF(TODAY(),AD93,"YM") -> 1 | AG93: =DATEDIF(TODAY(),AD93,"MD") -> 15 | AH93: =CONCATENATE(AE93,"Years","/",AF93,"Months","/",AG93,"Days") -> 32Years/1Months/15Days | AI93: =CONCATENATE(AJ93,"years", " ",",", " ",AK93,"months ","and"," ",AL93,"days") -> 36years , 1months and 16days | AJ93: =DATEDIF(W93,AD93,"Y") -> 36 | AK93: =DATEDIF(W93,AD93,"YM") -> 1 | AL93: =DATEDIF(W93,AD93,"MD") -> 16
A94: 1 | B94: 052 | C94: 082 | D94: 0110 | E94: =CONCATENATE(A94,"/",B94,"/",C94,"/",D94) -> 1/052/082/0110 | G94: P D Ishara Madumali | H94: Teacher Assistant | I94: No. 151/B, Jude Mawatha, Katuwapitiya, Negombo. | J94: 917730342v | K94: Catholic | L94: 768729999 | M94: isharaappuhamy91@gmail.com | N94: 29 | O94: 9 | P94: 1991 | Q94: =DATE(P94,O94,N94) -> 33510 | R94: =($G$7-Q94)/365 -> 34.293151 | S94: Female | T94: 1 | U94: 2 | V94: 2022 | W94: =DATE(V94,U94,T94) -> 44593 | Z94: =DATEDIF(W94,TODAY(),"Y") -> 3 | AA94: =DATEDIF(W94,TODAY(),"YM") -> 11 | AB94: =DATEDIF(W94,TODAY(),"MD") -> 4 | AC94: =CONCATENATE(Z94,"Years","/",,AA94,"Months","/",AB94,"Days") -> 3Years/11Months/4Days | AD94: =(DATE(P94,O94,N94)+21915) -> 55425 | AE94: =DATEDIF(TODAY(),AD94,"Y") -> 25 | AF94: =DATEDIF(TODAY(),AD94,"YM") -> 8 | AG94: =DATEDIF(TODAY(),AD94,"MD") -> 24 | AH94: =CONCATENATE(AE94,"Years","/",AF94,"Months","/",AG94,"Days") -> 25Years/8Months/24Days | AI94: =CONCATENATE(AJ94,"years", " ",",", " ",AK94,"months ","and"," ",AL94,"days") -> 29years , 7months and 28days | AJ94: =DATEDIF(W94,AD94,"Y") -> 29 | AK94: =DATEDIF(W94,AD94,"YM") -> 7 | AL94: =DATEDIF(W94,AD94,"MD") -> 28
A95: 1 | B95: 052 | C95: 083 | D95: 0111 | E95: =CONCATENATE(A95,"/",B95,"/",C95,"/",D95) -> 1/052/083/0111 | G95: W A D J T Lakmina Wijayathunga | H95: Deputy Principal | I95: 14/A1, Children's Home Road, Dummaladeniya, Wennappuwa | J95: 700092526v | K95: Catholic | L95: 773757548 | M95: wadjthlw@yahoo.com | N95: 9 | O95: 1 | P95: 1970 | Q95: =DATE(P95,O95,N95) -> 25577 | R95: =($G$7-Q95)/365 -> 56.027397 | S95: Male | T95: 1 | U95: 4 | V95: 2022 | W95: =DATE(V95,U95,T95) -> 44652 | Y95: Yes | Z95: =DATEDIF(W95,TODAY(),"Y") -> 3 | AA95: =DATEDIF(W95,TODAY(),"YM") -> 9 | AB95: =DATEDIF(W95,TODAY(),"MD") -> 4 | AC95: =CONCATENATE(Z95,"Years","/",,AA95,"Months","/",AB95,"Days") -> 3Years/9Months/4Days | AD95: =(DATE(P95,O95,N95)+21915) -> 47492 | AE95: =DATEDIF(TODAY(),AD95,"Y") -> 4 | AF95: =DATEDIF(TODAY(),AD95,"YM") -> 0 | AG95: =DATEDIF(TODAY(),AD95,"MD") -> 4 | AH95: =CONCATENATE(AE95,"Years","/",AF95,"Months","/",AG95,"Days") -> 4Years/0Months/4Days | AI95: =CONCATENATE(AJ95,"years", " ",",", " ",AK95,"months ","and"," ",AL95,"days") -> 7years , 9months and 8days | AJ95: =DATEDIF(W95,AD95,"Y") -> 7 | AK95: =DATEDIF(W95,AD95,"YM") -> 9 | AL95: =DATEDIF(W95,AD95,"MD") -> 8
A96: 1 | B96: 052 | C96: 084 | D96: 0112 | E96: =CONCATENATE(A96,"/",B96,"/",C96,"/",D96) -> 1/052/084/0112 | G96: H Yashodi Ramasha | H96: Teacher Assistant | I96: 287/8, Thekkawatta, 1st lane, Thimbirigaskatuwa, Negombo | J96: 2000069903341 | K96: Catholic | L96: 762288757 | M96: vishmivindaya@gmail.com | N96: 17 | O96: 7 | P96: 2000 | Q96: =DATE(P96,O96,N96) -> 36724 | R96: =($G$7-Q96)/365 -> 25.487671 | S96: Female | T96: 1 | U96: 5 | V96: 2022 | W96: =DATE(V96,U96,T96) -> 44682 | Z96: =DATEDIF(W96,TODAY(),"Y") -> 3 | AA96: =DATEDIF(W96,TODAY(),"YM") -> 8 | AB96: =DATEDIF(W96,TODAY(),"MD") -> 4 | AC96: =CONCATENATE(Z96,"Years","/",,AA96,"Months","/",AB96,"Days") -> 3Years/8Months/4Days | AD96: =(DATE(P96,O96,N96)+21915) -> 58639 | AE96: =DATEDIF(TODAY(),AD96,"Y") -> 34 | AF96: =DATEDIF(TODAY(),AD96,"YM") -> 6 | AG96: =DATEDIF(TODAY(),AD96,"MD") -> 12 | AH96: =CONCATENATE(AE96,"Years","/",AF96,"Months","/",AG96,"Days") -> 34Years/6Months/12Days | AI96: =CONCATENATE(AJ96,"years", " ",",", " ",AK96,"months ","and"," ",AL96,"days") -> 38years , 2months and 16days | AJ96: =DATEDIF(W96,AD96,"Y") -> 38 | AK96: =DATEDIF(W96,AD96,"YM") -> 2 | AL96: =DATEDIF(W96,AD96,"MD") -> 16
A97: 1 | B97: 052 | C97: 086 | D97: 0114 | E97: =CONCATENATE(A97,"/",B97,"/",C97,"/",D97) -> 1/052/086/0114 | G97: H Udmina M Peiris | H97: Teacher | I97: No. 157/1, Andimulla, Katana. | J97: 957892094v | K97: Catholic | L97: 776099740 | M97: udminamaushanki@gmail.com | N97: 15 | O97: 10 | P97: 1995 | Q97: =DATE(P97,O97,N97) -> 34987 | R97: =($G$7-Q97)/365 -> 30.246575 | S97: Female | T97: 1 | U97: 7 | V97: 2022 | W97: =DATE(V97,U97,T97) -> 44743 | Z97: =DATEDIF(W97,TODAY(),"Y") -> 3 | AA97: =DATEDIF(W97,TODAY(),"YM") -> 6 | AB97: =DATEDIF(W97,TODAY(),"MD") -> 4 | AC97: =CONCATENATE(Z97,"Years","/",,AA97,"Months","/",AB97,"Days") -> 3Years/6Months/4Days | AD97: =(DATE(P97,O97,N97)+21915) -> 56902 | AE97: =DATEDIF(TODAY(),AD97,"Y") -> 29 | AF97: =DATEDIF(TODAY(),AD97,"YM") -> 9 | AG97: =DATEDIF(TODAY(),AD97,"MD") -> 10 | AH97: =CONCATENATE(AE97,"Years","/",AF97,"Months","/",AG97,"Days") -> 29Years/9Months/10Days | AI97: =CONCATENATE(AJ97,"years", " ",",", " ",AK97,"months ","and"," ",AL97,"days") -> 33years , 3months and 14days | AJ97: =DATEDIF(W97,AD97,"Y") -> 33 | AK97: =DATEDIF(W97,AD97,"YM") -> 3 | AL97: =DATEDIF(W97,AD97,"MD") -> 14
A98: 1 | B98: 052 | C98: 087 | D98: 0115 | E98: =CONCATENATE(A98,"/",B98,"/",C98,"/",D98) -> 1/052/087/0115 | G98: B Arosha M Perera | H98: Academic Supervisor & Counselor | I98: No. 4/1, Mirigama Road, Banduragoda. | J98: 196975202310 | K98: Catholic | L98: 718375894 | M98: pereram08@gmail.com | N98: 8 | O98: 9 | P98: 1969 | Q98: =DATE(P98,O98,N98) -> 25454 | R98: =($G$7-Q98)/365 -> 56.364384 | S98: Female | T98: 1 | U98: 9 | V98: 2022 | W98: =DATE(V98,U98,T98) -> 44805 | Y98: Yes | Z98: =DATEDIF(W98,TODAY(),"Y") -> 3 | AA98: =DATEDIF(W98,TODAY(),"YM") -> 4 | AB98: =DATEDIF(W98,TODAY(),"MD") -> 4 | AC98: =CONCATENATE(Z98,"Years","/",,AA98,"Months","/",AB98,"Days") -> 3Years/4Months/4Days | AD98: =(DATE(P98,O98,N98)+21915) -> 47369 | AE98: =DATEDIF(TODAY(),AD98,"Y") -> 3 | AF98: =DATEDIF(TODAY(),AD98,"YM") -> 8 | AG98: =DATEDIF(TODAY(),AD98,"MD") -> 3 | AH98: =CONCATENATE(AE98,"Years","/",AF98,"Months","/",AG98,"Days") -> 3Years/8Months/3Days | AI98: =CONCATENATE(AJ98,"years", " ",",", " ",AK98,"months ","and"," ",AL98,"days") -> 7years , 0months and 7days | AJ98: =DATEDIF(W98,AD98,"Y") -> 7 | AK98: =DATEDIF(W98,AD98,"YM") -> 0 | AL98: =DATEDIF(W98,AD98,"MD") -> 7
A99: 1 | B99: 052 | C99: 088 | D99: 0116 | E99: =CONCATENATE(A99,"/",B99,"/",C99,"/",D99) -> 1/052/088/0116 | G99: Modarage D A Ravindra Chanaka | H99: Teacher | I99: N0. 237, Bollatha, Ganemulla. | J99: 830120904v | K99: Catholic | L99: 0761823657/0717233657 | M99: mdaravindra@gmail.com | N99: 12 | O99: 1 | P99: 1983 | Q99: =DATE(P99,O99,N99) -> 30328 | R99: =($G$7-Q99)/365 -> 43.010959 | S99: Male | T99: 1 | U99: 9 | V99: 2022 | W99: =DATE(V99,U99,T99) -> 44805 | Z99: =DATEDIF(W99,TODAY(),"Y") -> 3 | AA99: =DATEDIF(W99,TODAY(),"YM") -> 4 | AB99: =DATEDIF(W99,TODAY(),"MD") -> 4 | AC99: =CONCATENATE(Z99,"Years","/",,AA99,"Months","/",AB99,"Days") -> 3Years/4Months/4Days | AD99: =(DATE(P99,O99,N99)+21915) -> 52243 | AE99: =DATEDIF(TODAY(),AD99,"Y") -> 17 | AF99: =DATEDIF(TODAY(),AD99,"YM") -> 0 | AG99: =DATEDIF(TODAY(),AD99,"MD") -> 7 | AH99: =CONCATENATE(AE99,"Years","/",AF99,"Months","/",AG99,"Days") -> 17Years/0Months/7Days | AI99: =CONCATENATE(AJ99,"years", " ",",", " ",AK99,"months ","and"," ",AL99,"days") -> 20years , 4months and 11days | AJ99: =DATEDIF(W99,AD99,"Y") -> 20 | AK99: =DATEDIF(W99,AD99,"YM") -> 4 | AL99: =DATEDIF(W99,AD99,"MD") -> 11
A100: 1 | B100: 052 | C100: 089 | D100: 0117 | E100: =CONCATENATE(A100,"/",B100,"/",C100,"/",D100) -> 1/052/089/0117 | G100: P Sumudu Sewwandi | H100: Teacher | I100: R.13 Paththayawaththa Road, Kimbulaptiya. | J100: 968664158v | K100: Buddhist | L100: 077675956 | M100: sumudusewwandi734@gmail.com | N100: 31 | O100: 12 | P100: 1996 | Q100: =DATE(P100,O100,N100) -> 35430 | R100: =($G$7-Q100)/365 -> 29.032877 | S100: Female | T100: 1 | U100: 9 | V100: 2022 | W100: =DATE(V100,U100,T100) -> 44805 | Z100: =DATEDIF(W100,TODAY(),"Y") -> 3 | AA100: =DATEDIF(W100,TODAY(),"YM") -> 4 | AB100: =DATEDIF(W100,TODAY(),"MD") -> 4 | AC100: =CONCATENATE(Z100,"Years","/",,AA100,"Months","/",AB100,"Days") -> 3Years/4Months/4Days | AD100: =(DATE(P100,O100,N100)+21915) -> 57345 | AE100: =DATEDIF(TODAY(),AD100,"Y") -> 30 | AF100: =DATEDIF(TODAY(),AD100,"YM") -> 11 | AG100: =DATEDIF(TODAY(),AD100,"MD") -> 26 | AH100: =CONCATENATE(AE100,"Years","/",AF100,"Months","/",AG100,"Days") -> 30Years/11Months/26Days | AI100: =CONCATENATE(AJ100,"years", " ",",", " ",AK100,"months ","and"," ",AL100,"days") -> 34years , 3months and 30days | AJ100: =DATEDIF(W100,AD100,"Y") -> 34 | AK100: =DATEDIF(W100,AD100,"YM") -> 3 | AL100: =DATEDIF(W100,AD100,"MD") -> 30
A101: 1 | B101: 052 | C101: 091 | D101: 0119 | E101: =CONCATENATE(A101,"/",B101,"/",C101,"/",D101) -> 1/052/091/0119 | G101: M P Sajith Malshan | H101: Assistant Sports Coordinator | I101: No. 221/12, Pahala Madampalla, Akaragama | J101: 961460514v | K101: Buddhist | L101: 0778384119 | M101: sajithmalshan1996@gmail.com | N101: 25 | O101: 5 | P101: 1996 | Q101: =DATE(P101,O101,N101) -> 35210 | R101: =($G$7-Q101)/365 -> 29.635616 | S101: Male | T101: 1 | U101: 10 | V101: 2022 | W101: =DATE(V101,U101,T101) -> 44835 | Z101: =DATEDIF(W101,TODAY(),"Y") -> 3 | AA101: =DATEDIF(W101,TODAY(),"YM") -> 3 | AB101: =DATEDIF(W101,TODAY(),"MD") -> 4 | AC101: =CONCATENATE(Z101,"Years","/",,AA101,"Months","/",AB101,"Days") -> 3Years/3Months/4Days | AD101: =(DATE(P101,O101,N101)+21915) -> 57125 | AE101: =DATEDIF(TODAY(),AD101,"Y") -> 30 | AF101: =DATEDIF(TODAY(),AD101,"YM") -> 4 | AG101: =DATEDIF(TODAY(),AD101,"MD") -> 20 | AH101: =CONCATENATE(AE101,"Years","/",AF101,"Months","/",AG101,"Days") -> 30Years/4Months/20Days | AI101: =CONCATENATE(AJ101,"years", " ",",", " ",AK101,"months ","and"," ",AL101,"days") -> 33years , 7months and 24days | AJ101: =DATEDIF(W101,AD101,"Y") -> 33 | AK101: =DATEDIF(W101,AD101,"YM") -> 7 | AL101: =DATEDIF(W101,AD101,"MD") -> 24
A102: 1 | B102: 052 | C102: 094 | D102: 0122 | E102: =CONCATENATE(A102,"/",B102,"/",C102,"/",D102) -> 1/052/094/0122 | G102: Helen N D Fernando | H102: Teacher | I102: Kamaragoda, Dewalapola | J102: 196569810047 | K102: Catholic | L102: 775131291 | M102: helendumulag@gmail.com | N102: 16 | O102: 7 | P102: 1965 | Q102: =DATE(P102,O102,N102) -> 23939 | R102: =($G$7-Q102)/365 -> 60.515068 | S102: Female | T102: 1 | U102: 10 | V102: 2022 | W102: =DATE(V102,U102,T102) -> 44835 | Y102: Yes | Z102: =DATEDIF(W102,TODAY(),"Y") -> 3 | AA102: =DATEDIF(W102,TODAY(),"YM") -> 3 | AB102: =DATEDIF(W102,TODAY(),"MD") -> 4 | AC102: =CONCATENATE(Z102,"Years","/",,AA102,"Months","/",AB102,"Days") -> 3Years/3Months/4Days | AD102: =(DATE(P102,O102,N102)+21915) -> 45854 | AE102: =DATEDIF(TODAY(),AD102,"Y") -> #NUM! | AF102: =DATEDIF(TODAY(),AD102,"YM") -> #NUM! | AG102: =DATEDIF(TODAY(),AD102,"MD") -> #NUM! | AH102: =CONCATENATE(AE102,"Years","/",AF102,"Months","/",AG102,"Days") -> #NUM! | AI102: =CONCATENATE(AJ102,"years", " ",",", " ",AK102,"months ","and"," ",AL102,"days") -> 2years , 9months and 15days | AJ102: =DATEDIF(W102,AD102,"Y") -> 2 | AK102: =DATEDIF(W102,AD102,"YM") -> 9 | AL102: =DATEDIF(W102,AD102,"MD") -> 15
A103: 1 | B103: 052 | C103: 096 | D103: 0124 | E103: =CONCATENATE(A103,"/",B103,"/",C103,"/",D103) -> 1/052/096/0124 | G103: Jayamaha Mudalige Don Hiruni Maheshika | H103: Teacher | I103: 293, Bopitiya, Pamunugama | J103: 200077304811 | K103: Catholic | L103: 0768264943 | M103: hirunimaheshika29@gmail.com | N103: 29 | O103: 9 | P103: 2000 | Q103: =DATE(P103,O103,N103) -> 36798 | R103: =($G$7-Q103)/365 -> 25.284932 | S103: Female | T103: 3 | U103: 1 | V103: 2023 | W103: =DATE(V103,U103,T103) -> 44929 | Z103: =DATEDIF(W103,TODAY(),"Y") -> 3 | AA103: =DATEDIF(W103,TODAY(),"YM") -> 0 | AB103: =DATEDIF(W103,TODAY(),"MD") -> 2 | AC103: =CONCATENATE(Z103,"Years","/",,AA103,"Months","/",AB103,"Days") -> 3Years/0Months/2Days | AD103: =(DATE(P103,O103,N103)+21915) -> 58713 | AE103: =DATEDIF(TODAY(),AD103,"Y") -> 34 | AF103: =DATEDIF(TODAY(),AD103,"YM") -> 8 | AG103: =DATEDIF(TODAY(),AD103,"MD") -> 24 | AH103: =CONCATENATE(AE103,"Years","/",AF103,"Months","/",AG103,"Days") -> 34Years/8Months/24Days | AI103: =CONCATENATE(AJ103,"years", " ",",", " ",AK103,"months ","and"," ",AL103,"days") -> 37years , 8months and 26days | AJ103: =DATEDIF(W103,AD103,"Y") -> 37 | AK103: =DATEDIF(W103,AD103,"YM") -> 8 | AL103: =DATEDIF(W103,AD103,"MD") -> 26
A104: 1 | B104: 052 | C104: 097 | D104: 0125 | E104: =CONCATENATE(A104,"/",B104,"/",C104,"/",D104) -> 1/052/097/0125 | G104: Kovilage Pradeep Lakmal Silva | H104: Sports Coordinator | I104: 665/8, Mukalangamuwa South, Seeduwa | J104: 198726500024 | K104: Catholic | L104: 0777999866 | M104: pradeeplakmal378@gmail.com | N104: 21 | O104: 9 | P104: 1987 | Q104: =DATE(P104,O104,N104) -> 32041 | R104: =($G$7-Q104)/365 -> 38.317808 | S104: Male | T104: 3 | U104: 1 | V104: 2023 | W104: =DATE(V104,U104,T104) -> 44929 | Z104: =DATEDIF(W104,TODAY(),"Y") -> 3 | AA104: =DATEDIF(W104,TODAY(),"YM") -> 0 | AB104: =DATEDIF(W104,TODAY(),"MD") -> 2 | AC104: =CONCATENATE(Z104,"Years","/",,AA104,"Months","/",AB104,"Days") -> 3Years/0Months/2Days | AD104: =(DATE(P104,O104,N104)+21915) -> 53956 | AE104: =DATEDIF(TODAY(),AD104,"Y") -> 21 | AF104: =DATEDIF(TODAY(),AD104,"YM") -> 8 | AG104: =DATEDIF(TODAY(),AD104,"MD") -> 16 | AH104: =CONCATENATE(AE104,"Years","/",AF104,"Months","/",AG104,"Days") -> 21Years/8Months/16Days | AI104: =CONCATENATE(AJ104,"years", " ",",", " ",AK104,"months ","and"," ",AL104,"days") -> 24years , 8months and 18days | AJ104: =DATEDIF(W104,AD104,"Y") -> 24 | AK104: =DATEDIF(W104,AD104,"YM") -> 8 | AL104: =DATEDIF(W104,AD104,"MD") -> 18
A105: 1 | B105: 052 | C105: 100 | D105: 0128 | E105: =CONCATENATE(A105,"/",B105,"/",C105,"/",D105) -> 1/052/100/0128 | G105: Chathuri Yasarathne | H105: Trainee Teacher | I105: 183/7, Father Milinda Gayan Mawatha, Kalaeliya, Ja-ela | J105: 858403391v | K105: Catholic | L105: 070143014 | M105: chathuri005@yahoo.com | N105: 5 | O105: 12 | P105: 1985 | Q105: =DATE(P105,O105,N105) -> 31386 | R105: =($G$7-Q105)/365 -> 40.112329 | S105: Female | T105: 25 | U105: 7 | V105: 2022 | W105: =DATE(V105,U105,T105) -> 44767 | Y105: Yes | Z105: =DATEDIF(W105,TODAY(),"Y") -> 3 | AA105: =DATEDIF(W105,TODAY(),"YM") -> 5 | AB105: =DATEDIF(W105,TODAY(),"MD") -> 11 | AC105: =CONCATENATE(Z105,"Years","/",,AA105,"Months","/",AB105,"Days") -> 3Years/5Months/11Days | AD105: =(DATE(P105,O105,N105)+21915) -> 53301 | AE105: =DATEDIF(TODAY(),AD105,"Y") -> 19 | AF105: =DATEDIF(TODAY(),AD105,"YM") -> 11 | AG105: =DATEDIF(TODAY(),AD105,"MD") -> 0 | AH105: =CONCATENATE(AE105,"Years","/",AF105,"Months","/",AG105,"Days") -> 19Years/11Months/0Days | AI105: =CONCATENATE(AJ105,"years", " ",",", " ",AK105,"months ","and"," ",AL105,"days") -> 23years , 4months and 10days | AJ105: =DATEDIF(W105,AD105,"Y") -> 23 | AK105: =DATEDIF(W105,AD105,"YM") -> 4 | AL105: =DATEDIF(W105,AD105,"MD") -> 10
A106: 1 | B106: 052 | C106: 102 | D106: 0130 | E106: =CONCATENATE(A106,"/",B106,"/",C106,"/",D106) -> 1/052/102/0130 | G106: Shanan Diana Fonseka | H106: Assistant Teacher | I106: 318, Sri Wickrama Rajasinghe Road, 3rd Kurana, Negombo | J106: 200157100492 | K106: Catholic | L106: 0773366890 | M106: shanonfonseka311@gmail.com | N106: 11 | O106: 3 | P106: 2001 | Q106: =DATE(P106,O106,N106) -> 36961 | R106: =($G$7-Q106)/365 -> 24.838356 | S106: Female | T106: 25 | U106: 10 | V106: 2022 | W106: =DATE(V106,U106,T106) -> 44859 | Y106: Yes | Z106: =DATEDIF(W106,TODAY(),"Y") -> 3 | AA106: =DATEDIF(W106,TODAY(),"YM") -> 2 | AB106: =DATEDIF(W106,TODAY(),"MD") -> 11 | AC106: =CONCATENATE(Z106,"Years","/",,AA106,"Months","/",AB106,"Days") -> 3Years/2Months/11Days | AD106: =(DATE(P106,O106,N106)+21915) -> 58876 | AE106: =DATEDIF(TODAY(),AD106,"Y") -> 35 | AF106: =DATEDIF(TODAY(),AD106,"YM") -> 2 | AG106: =DATEDIF(TODAY(),AD106,"MD") -> 6 | AH106: =CONCATENATE(AE106,"Years","/",AF106,"Months","/",AG106,"Days") -> 35Years/2Months/6Days | AI106: =CONCATENATE(AJ106,"years", " ",",", " ",AK106,"months ","and"," ",AL106,"days") -> 38years , 4months and 14days | AJ106: =DATEDIF(W106,AD106,"Y") -> 38 | AK106: =DATEDIF(W106,AD106,"YM") -> 4 | AL106: =DATEDIF(W106,AD106,"MD") -> 14
A107: 1 | B107: 052 | C107: 107 | D107: 0135 | E107: =CONCATENATE(A107,"/",B107,"/",C107,"/",D107) -> 1/052/107/0135 | G107: A S Imaya Udayanthi Fernando | H107: Shadow Teacher | I107: 117, Pillawa Road, Dalupotha, Negombo. | J107: 987460709v | K107: Catholic | L107: 0703400851 | M107: mayaarumapura98@gmail.com | N107: 2 | O107: 9 | P107: 1998 | Q107: =DATE(P107,O107,N107) -> 36040 | R107: =($G$7-Q107)/365 -> 27.361644 | S107: Female | Z107: =DATEDIF(W107,TODAY(),"Y") -> 126 | AA107: =DATEDIF(W107,TODAY(),"YM") -> 0 | AB107: =DATEDIF(W107,TODAY(),"MD") -> 5 | AC107: =CONCATENATE(Z107,"Years","/",,AA107,"Months","/",AB107,"Days") -> 126Years/0Months/5Days | AD107: =(DATE(P107,O107,N107)+21915) -> 57955 | AE107: =DATEDIF(TODAY(),AD107,"Y") -> 32 | AF107: =DATEDIF(TODAY(),AD107,"YM") -> 7 | AG107: =DATEDIF(TODAY(),AD107,"MD") -> 28 | AH107: =CONCATENATE(AE107,"Years","/",AF107,"Months","/",AG107,"Days") -> 32Years/7Months/28Days | AI107: =CONCATENATE(AJ107,"years", " ",",", " ",AK107,"months ","and"," ",AL107,"days") -> 158years , 8months and 2days | AJ107: =DATEDIF(W107,AD107,"Y") -> 158 | AK107: =DATEDIF(W107,AD107,"YM") -> 8 | AL107: =DATEDIF(W107,AD107,"MD") -> 2
A108: 1 | B108: 052 | C108: 111 | D108: 0139 | E108: =CONCATENATE(A108,"/",B108,"/",C108,"/",D108) -> 1/052/111/0139 | G108: A Gawrangi Imasha Fernando | H108: Shadow Teacher | I108: 117, Pillawa Road, Dalupotha, Negombo. | J108: 200176400327 | K108: Catholic | L108: 0705819005 | M108: fernahgaw@gmail.com | N108: 20 | O108: 9 | P108: 2001 | Q108: =DATE(P108,O108,N108) -> 37154 | R108: =($G$7-Q108)/365 -> 24.309589 | S108: Female | Z108: =DATEDIF(W108,TODAY(),"Y") -> 126 | AA108: =DATEDIF(W108,TODAY(),"YM") -> 0 | AB108: =DATEDIF(W108,TODAY(),"MD") -> 5 | AC108: =CONCATENATE(Z108,"Years","/",,AA108,"Months","/",AB108,"Days") -> 126Years/0Months/5Days | AD108: =(DATE(P108,O108,N108)+21915) -> 59069 | AE108: =DATEDIF(TODAY(),AD108,"Y") -> 35 | AF108: =DATEDIF(TODAY(),AD108,"YM") -> 8 | AG108: =DATEDIF(TODAY(),AD108,"MD") -> 15 | AH108: =CONCATENATE(AE108,"Years","/",AF108,"Months","/",AG108,"Days") -> 35Years/8Months/15Days | AI108: =CONCATENATE(AJ108,"years", " ",",", " ",AK108,"months ","and"," ",AL108,"days") -> 161years , 8months and 20days | AJ108: =DATEDIF(W108,AD108,"Y") -> 161 | AK108: =DATEDIF(W108,AD108,"YM") -> 8 | AL108: =DATEDIF(W108,AD108,"MD") -> 20
A109: 1 | B109: 052 | C109: 112 | D109: 0140 | E109: =CONCATENATE(A109,"/",B109,"/",C109,"/",D109) -> 1/052/112/0140 | G109: Dona Anne Jayani Halahakoon | H109: Shadow Teacher | I109: 12/2, Silversand road, Pallansena South, Kochchikade | J109: 200157900020 | K109: Catholic | L109: 0769891035 | M109: annejayani126@gmail.com | N109: 19 | O109: 3 | P109: 2001 | Q109: =DATE(P109,O109,N109) -> 36969 | R109: =($G$7-Q109)/365 -> 24.816438 | S109: Female | Z109: =DATEDIF(W109,TODAY(),"Y") -> 126 | AA109: =DATEDIF(W109,TODAY(),"YM") -> 0 | AB109: =DATEDIF(W109,TODAY(),"MD") -> 5 | AC109: =CONCATENATE(Z109,"Years","/",,AA109,"Months","/",AB109,"Days") -> 126Years/0Months/5Days | AD109: =(DATE(P109,O109,N109)+21915) -> 58884 | AE109: =DATEDIF(TODAY(),AD109,"Y") -> 35 | AF109: =DATEDIF(TODAY(),AD109,"YM") -> 2 | AG109: =DATEDIF(TODAY(),AD109,"MD") -> 14 | AH109: =CONCATENATE(AE109,"Years","/",AF109,"Months","/",AG109,"Days") -> 35Years/2Months/14Days | AI109: =CONCATENATE(AJ109,"years", " ",",", " ",AK109,"months ","and"," ",AL109,"days") -> 161years , 2months and 19days | AJ109: =DATEDIF(W109,AD109,"Y") -> 161 | AK109: =DATEDIF(W109,AD109,"YM") -> 2 | AL109: =DATEDIF(W109,AD109,"MD") -> 19
...

Sheet Non-Academic
A2: Personal Identification Number | E2: Teacher Identification Number (TIN) | F2: Present Category (Confirmed/Contract) | G2: Name in Full | H2: Designation | I2: Home Address | J2: NIC Number | K2: Religion | L2: Telephone Numbers | M2: Email | N2: Date of Birth | Q2: Date of Birth | S2: Gender | T2: Date of First Appointment | W2: Date of First Appointment | X2: Confirmation Letter Issued | Y2: Contract Letter Issued
R3: Age
N4: Date | O4: Month | P4: Year | T4: Date | U4: Month | V4: Year
A5: 2 | B5: 051 | C5: 200 | D5: 0026 | E5: 2/051/200/0026 | F5: Confirmed | G5: Vindya Silva | H5: Accountant | I5: 94/39, Pohorabawatta, Aluthambalama, Kosgama | J5: 785561457v | K5: Roman Catholic | L5: 0717755248 | M5: vindya412@gmail.com | N5: 25 | O5: 02 | P5: 1978 | Q5: 28546 | R5: 45.024658 | S5: Female | T5: 01 | U5: 04 | V5: 2003 | W5: 37712 | Y5: Yes
A6: 2 | B6: 051 | C6: 586 | D6: 0027 | E6: 2/051/586/0027 | F6: Confirmed | G6: Aurilia Koelmeyer | H6: Administrator | I6: 176/K, Vijaya Mw, Athurugiriya | J6: 777870416v | K6: Roman Catholic | L6: 0715849869 | M6: ionikoelmeyer@yahoo.com | N6: 13 | O6: 10 | P6: 1977 | Q6: 28411 | R6: 45.394521 | S6: Female | T6: 05 | U6: 04 | V6: 2013 | W6: 41369 | Y6: Yes
A7: 2 | B7: 051 | C7: 782 | D7: 0028 | E7: 2/051/782/0028 | F7: Confirmed | G7: Sujeeva Siriwardena | H7: Librarian | I7: 420/15C, Weli Road, Thalawathugoda | J7: 655772731v | K7: Roman Catholic | L7: 0778491677 | N7: 17 | O7: 03 | P7: 1965 | Q7: 23818 | R7: 57.978082 | S7: Female | T7: 02 | U7: 09 | V7: 2019 | W7: 43710 | Y7: Yes
A8: 2 | B8: 051 | C8: 791 | D8: 0029 | E8: 2/051/791/0029 | F8: Confirmed | G8: Vivian Saverymuthapulle | H8: Accounts Assistant | I8: 234/5, Kuruduwatte 2nd lane, Avariwatte Rd, Wattala | J8: 533253350v | K8: Roman Catholic | L8: 0777176040 | M8: viviansavery@yahoo.com | N8: 20 | O8: 11 | P8: 1953 | Q8: 19683 | R8: 69.306849 | S8: Male | T8: 02 | U8: 01 | V8: 2020 | W8: 43832 | Y8: Yes
A9: 2 | B9: 052 | C9: 788 | D9: 0106 | E9: 2/052/788/0106 | G9: Mihindukulasuriya Subash Jeewantha Kurera | H9: Librarian | I9: No. 6/2, Pitipana Street, Negombo. | J9: 980994287v | K9: Catholic | L9: 0702098728 | M9: subashkurera7@gmail.com | N9: 8 | O9: 4 | P9: 1998 | Q9: 35893 | R9: 24.89589 | S9: Male | T9: 3 | U9: 1 | V9: 2020 | W9: 43833 | X9: Yes
A10: 2 | B10: 052 | C10: 861 | D10: 0123 | E10: 2/052/861/0123 | G10: T Sumudu S Perera | H10: Lab Assistant | I10: No. 629, Daluwakotuwa, Kochchikade. | J10: 975411540v | K10: Catholic | L10: 761936351 | M10: sumuduperera54@gmail.com | N10: 10 | O10: 2 | P10: 1997 | Q10: 35471 | R10: 26.052055 | S10: Female | T10: 6 | U10: 6 | V10: 2022 | W10: 44718
A11: 2 | B11: 053 | C11: 018 | D11: 0163 | E11: 2/053/018/0163 | F11: Confirmed | G11: Edirisinghe Mudiyanselage Dilini Rasika Edirisinghe | H11: Assistant Accountant | I11: No 276/7, Sugatharama Road, Seeduwa | J11: 747461899V | K11: Roman Catholic | L11: 712460748 | M11: dilinirasika74@gmail.com | N11: 2 | O11: 9 | P11: 1974 | Q11: 27274 | R11: 48.509589 | S11: Female | T11: 1 | U11: 3 | V11: 2011 | W11: 41288 | Y11: YES
A12: 2 | B12: 053 | C12: 034 | D12: 0165 | E12: 2/053/034/0165 | F12: Confirmed | G12: Wishmakarma Manam Muhandiramlage Susithe Edward | H12: Accountant | I12: Susith, Suse Road (West), Wennappuwa | J12: 800172101V | K12: Roman Catholic | L12: 777892661 | M12: eddieed9@gmail.com | N12: 17 | O12: 1 | P12: 1980 | Q12: 29237 | R12: 43.131507 | S12: Male | T12: 14 | U12: 9 | V12: 2012 | W12: 41288 | Y12: YES
A13: 2 | B13: 053 | C13: 037 | D13: 0166 | E13: 2/053/037/0166 | F13: Confirmed | G13: Mahamuge Charith Srimal Fernando | H13: Assistant Administrative Officer | I13: No. 18, Nirmala Mawatha, 8th Lane, Katuwapitiya, Negombo | J13: 853481380V | K13: Roman Catholic | L13: 714436551, 775416955 | M13: charithsrimal123@gmail.com | N13: 13 | O13: 12 | P13: 1985 | Q13: 31394 | R13: 37.221918 | S13: Male | T13: 6 | U13: 8 | V13: 2012 | W13: 41288 | Y13: YES
A14: 2 | B14: 053 | C14: 042 | D14: 0169 | E14: 2/053/042/0169 | F14: Confirmed | G14: Paul Peter Dilan Alex | H14: Manager - It | I14: No 14/7, Dewala Road , Hendala, Wattala | J14: 842483581V | K14: Roman Catholic | L14: 715776211, 715742874 | M14: dilanalex@gmail.com | N14: 4 | O14: 9 | P14: 1984 | Q14: 30929 | R14: 38.49589 | S14: Male | T14: 10 | U14: 1 | V14: 2013 | W14: 41288 | Y14: YES
A15: 2 | B15: 053 | C15: 082 | D15: 0178 | E15: 2/053/082/0178 | F15: N/A | G15: Robert Haemish Pemsiri De Silva | H15: Office Helper | I15: No. 57/1, Baseline Road, Amandoluwa, Seeduwa | J15: 391340668V | K15: Roman Catholic | L15: 778518615 | M15: N/A | N15: 13 | O15: 5 | P15: 1939 | Q15: 14378 | R15: 83.841096 | S15: Male | T15: 1 | U15: 9 | V15: 2014 | W15: 41288
A16: 2 | B16: 053 | C16: 101 | D16: 0180 | E16: 2/053/101/0180 | F16: Confirmed | G16: Thaleirathna Mudalige Don Tyronne Wickramasekara | H16: Assistant Academic Coordinator | I16: No. 10/1, Senasungoda, Pugoda | J16: 782880403V | K16: Roman Catholic | L16: 773971343 | M16: calistus178@gmail.com | N16: 14 | O16: 10 | P16: 1978 | Q16: 28777 | R16: 44.391781 | S16: Male | T16: 2 | U16: 5 | V16: 2016 | W16: 41288 | Y16: YES
A17: 2 | B17: 053 | C17: 117 | D17: 0183 | E17: 2/053/117/0183 | F17: Confirmed | G17: Kalinga Prabuddi Shamel Silva | H17: Assistant Manager-It | I17: No.84,Visakawatta ,Ekala, Jaela | J17: 933643182V | K17: Roman Catholic | L17: 773344000 | M17: shamelsilvash@gmail.com | N17: 29 | O17: 12 | P17: 1993 | Q17: 34332 | R17: 29.172603 | S17: Male | T17: 1 | U17: 12 | V17: 2016 | W17: 41288 | Y17: YES
A18: 2 | B18: 053 | C18: 120 | D18: 0186 | E18: 2/053/120/0186 | F18: Confirmed | G18: Bothalage Shayani Dileka Fernando | H18: Assistant Academic Coordinator | I18: No.86,"Chandra",Bandarawatte, Seeduwa | J18: 967583944V | K18: Roman Catholic | L18: 767308697 | M18: shayani.dileka@gmail.com | N18: 14 | O18: 9 | P18: 1996 | Q18: 35322 | R18: 26.460274 | S18: Female | T18: 4 | U18: 1 | V18: 2017 | W18: 41288 | Y18: YES
A19: 2 | B19: 053 | C19: 154 | D19: 0194 | E19: 2/053/154/0194 | F19: Confirmed | G19: Polwattage Saman Jayananda Costa | H19: Front Officer | I19: No. 551, Sathuta, Dandugama, Jaela. | J19: 582570108V | K19: Roman Catholic | L19: 776358856 | M19: N/A | N19: 13 | O19: 9 | P19: 1958 | Q19: 21441 | R19: 64.490411 | S19: Male | T19: 2 | U19: 10 | V19: 2017 | W19: 41288 | Y19: YES
A20: 2 | B20: 053 | C20: 181 | D20: 0203 | E20: 2/053/181/0203 | F20: Confirmed | G20: Nadeesha Dilshanie Rochelle Vanderwall | H20: Examination Officer | I20: 176/D, Gonawila Central, Dankotuwa | J20: 926800795V | K20: Christian | L20: 779298858 | M20: rochellev0628@gmail.com | N20: 28 | O20: 6 | P20: 1992 | Q20: 33783 | R20: 30.676712 | S20: Female | T20: 29 | U20: 8 | V20: 2018 | W20: 41288 | Y20: YES
A21: 2 | B21: 053 | C21: 188 | D21: 0205 | E21: 2/053/188/0205 | F21: Confirmed | G21: Piumi Ishara Jayakody | H21: Accounts Assistant | I21: No. 463/C, Pulluhena, Pamunugama | J21: 967742139V | K21: Roman Catholic | L21: 776767276 | M21: isharajayakody5555@gmail.com | N21: 30 | O21: 9 | P21: 1996 | Q21: 35338 | R21: 26.416438 | S21: Female | T21: 2 | U21: 10 | V21: 2018 | W21: 41288 | Y21: YES
A22: 2 | B22: 053 | C22: 189 | D22: 0206 | E22: 2/053/189/0206 | F22: Confirmed | G22: Palihewadena Arachchige Shehan Asuk Perera Jayawardena | H22: Assistant Accountant | I22: No. 35/13, Dadly Senanayake Mawatha, Negombo | J22: 822994300V | K22: Roman Catholic | L22: 721148029, 767379463 | M22: shehanasuk377@gmail.com | N22: 25 | O22: 10 | P22: 1982 | Q22: 30249 | R22: 40.358904 | S22: Male | T22: 8 | U22: 10 | V22: 2018 | W22: 41288 | Y22: YES
A23: 2 | B23: 053 | C23: 209 | D23: 0214 | E23: 2/053/209/0214 | F23: Contract | G23: Muthunamagonnage Anne Sanasha Nishmi Fernando | H23: Accounts Assistant | I23: No. 84a, St. Jude's Road, Enderamulla, Wattala | J23: 985203709V | K23: Roman Catholic | L23: 770775542 | M23: sanunish1998@gmail.com | N23: 20 | O23: 1 | P23: 1998 | Q23: 35815 | R23: 25.109589 | S23: Female | T23: 11 | U23: 3 | V23: 2019 | W23: 41288
A24: 2 | B24: 053 | C24: 213 | D24: 0216 | E24: 2/053/213/0216 | F24: Confirmed | G24: Wadihiti Hamulage Harshani Mekala | H24: It Assistant | I24: No. 25/41, Kalyani Mawatha, Wattala | J24: 927041413V | K24: Roman Catholic | L24: 779694775 | M24: mekala.stic@gmail.com | N24: 22 | O24: 7 | P24: 1992 | Q24: 33807 | R24: 30.610959 | S24: Female | T24: 14 | U24: 5 | V24: 2019 | W24: 41288 | Y24: YES
A25: 2 | B25: 053 | C25: 215 | D25: 0217 | E25: 2/053/215/0217 | F25: Confirmed | G25: Ruwan Sanjeewa Hettiarachchi | H25: Receptionist | I25: Pitawala Mawatha, Gonawila, Dankotuwa | J25: 831980109V | K25: Roman Catholic | L25: 777623731 | M25: ruwanstcic@yahoo.com | N25: 16 | O25: 7 | P25: 1983 | Q25: 30513 | R25: 39.635616 | S25: Male | T25: 17 | U25: 6 | V25: 2019 | W25: 41288 | Y25: YES
A26: 2 | B26: 053 | C26: 217 | D26: 0218 | E26: 2/053/217/0218 | F26: Confirmed | G26: Warnakulasooriya Emmanuel Nilukshan Fernando | H26: Academic Assistant | I26: No 19/33, Cardinal Coorey Road, Sea Street, Negombo | J26: 199909202608 | K26: Roman Catholic | L26: 771687030 | M26: niluk19990401@gmail.com | N26: 1 | O26: 4 | P26: 1999 | Q26: 36251 | R26: 23.915068 | S26: Male | T26: 26 | U26: 6 | V26: 2019 | W26: 41288 | Y26: YES
A27: 2 | B27: 053 | C27: 235 | D27: 0227 | E27: 2/053/235/0227 | F27: Confirmed | G27: Hathurusinha Arachhilage Don Anuja Nirosh | H27: Academic Assistant | I27: No.482/B, Jayasinhamavatha, Nugape, Pamunugama | J27: 990282196V | K27: Roman Catholic | L27: 776437928 | M27: anujanirosh9@gmail.com | N27: 28 | O27: 1 | P27: 1999 | Q27: 36188 | R27: 24.087671 | S27: Male | T27: 1 | U27: 11 | V27: 2019 | W27: 41288 | Y27: YES
A28: 2 | B28: 053 | C28: 259 | D28: 0238 | E28: 2/053/259/0238 | F28: Confirmed | G28: Menusha Prishani Wijerathna | H28: Administrative Officer | I28: No. 383, Mahawatta, Pamunugama | J28: 956201500V | K28: Roman Catholic | L28: 766639702 | M28: menushaprishani@gmail.com | N28: 29 | O28: 4 | P28: 1995 | Q28: 34818 | R28: 27.841096 | S28: Female | T28: 5 | U28: 10 | V28: 2020 | W28: 41288 | Y28: YES
A29: 2 | B29: 053 | C29: 274 | D29: 0246 | E29: 2/053/274/0246 | F29: Confirmed | G29: Panambarage Madushi Sankalpana Fernando | H29: Accounts Assistant | I29: No. 79, Welihena South, Kochchikade | J29: 968511114V | K29: Roman Catholic | L29: 778274194 | M29: madusaf@gmail.com | N29: 16 | O29: 12 | P29: 1996 | Q29: 35415 | R29: 26.205479 | S29: Female | T29: 29 | U29: 4 | V29: 2021 | W29: 41288 | Y29: YES
A30: 2 | B30: 053 | C30: 275 | D30: 0247 | E30: 2/053/275/0247 | F30: Confirmed | G30: Kariyakarawanage Malini Priyashani Fernando | H30: Admin Office - Assistant | I30: 40/1, St. Nikula Mawatha, South Katuwapitiya , Negombo. | J30: 985080011V | K30: Roman Catholic | L30: 776947299 | M30: maliefdo@gmail.com | N30: 8 | O30: 1 | P30: 1998 | Q30: 35803 | R30: 25.142466 | S30: Female | T30: 10 | U30: 5 | V30: 2021 | W30: 41288 | Y30: YES
A31: 2 | B31: 053 | C31: 320 | D31: 0273 | E31: 2/053/320/0273 | F31: Probation | G31: Manannaidelage Lakshan Udara Fonseka | H31: Admin Office - Assistant | I31: 37/4, St. Xavier Road, Ja-Ela | J31: 961142172V | K31: Roman Catholic | L31: 717670873 | M31: lakshan.udara@gmail.com | N31: 4 | O31: 4 | P31: 1996 | Q31: 35159 | R31: 26.906849 | S31: Male | T31: 10 | U31: 10 | V31: 2022 | W31: 41288
A32: 2 | B32: 54 | C32: 21 | G32: ASLAM DEEN FATHIMA HUSNA | H32: OFFICE | I32: 331/C MAHAHUNUPITIYA, NEGOMBO | J32: 200161201156 | K32: ISLAM | L32: 0761793734 | M32: onlinehus786@gmail.com | N32: 21 | O32: 04 | P32: 2001 | Q32: =DATE(P32,O32,N32) -> 37002 | R32: =(Academic!#REF!-Q32)/365 -> #REF! | S32: FEMALE | T32: 03 | U32: 09 | V32: 2018 | W32: =DATE(V32,U32,T32) -> 43346

Sheet Sheet3
A1: Non-academic Staff of St. Thomas International College
A2: Personal Identification Number | E2: Teacher Identification Number (TIN) | F2: Present Category (Confirmed/Contract) | G2: Name in Full | H2: Designation | I2: Home Address | J2: NIC Number | K2: Religion | L2: Telephone Numbers | M2: Email | N2: Date of Birth | Q2: Date of Birth | S2: Gender | T2: Date of First Appointment | W2: Date of First Appointment | X2: Confirmation Letter Issued | Y2: Contract Letter Issued
R3: Age
N4: Date | O4: Month | P4: Year | T4: Date | U4: Month | V4: Year
A5: 2 | B5: 051 | C5: 200 | D5: 0026 | E5: 2/051/200/0026 | F5: Confirmed | G5: Vindya Silva | H5: Accountant | I5: 94/39, Pohorabawatta, Aluthambalama, Kosgama | J5: 785561457v | K5: Roman Catholic | L5: 0717755248 | M5: vindya412@gmail.com | N5: 25 | O5: 02 | P5: 1978 | Q5: 28546 | R5: 45.024658 | S5: Female | T5: 01 | U5: 04 | V5: 2003 | W5: 37712 | Y5: Yes
A6: 2 | B6: 051 | C6: 586 | D6: 0027 | E6: 2/051/586/0027 | F6: Confirmed | G6: Aurilia Koelmeyer | H6: Administrator | I6: 176/K, Vijaya Mw, Athurugiriya | J6: 777870416v | K6: Roman Catholic | L6: 0715849869 | M6: ionikoelmeyer@yahoo.com | N6: 13 | O6: 10 | P6: 1977 | Q6: 28411 | R6: 45.394521 | S6: Female | T6: 05 | U6: 04 | V6: 2013 | W6: 41369 | Y6: Yes
A7: 2 | B7: 051 | C7: 782 | D7: 0028 | E7: 2/051/782/0028 | F7: Confirmed | G7: Sujeeva Siriwardena | H7: Librarian | I7: 420/15C, Weli Road, Thalawathugoda | J7: 655772731v | K7: Roman Catholic | L7: 0778491677 | N7: 17 | O7: 03 | P7: 1965 | Q7: 23818 | R7: 57.978082 | S7: Female | T7: 02 | U7: 09 | V7: 2019 | W7: 43710 | Y7: Yes
A8: 2 | B8: 051 | C8: 791 | D8: 0029 | E8: 2/051/791/0029 | F8: Confirmed | G8: Vivian Saverymuthapulle | H8: Accounts Assistant | I8: 234/5, Kuruduwatte 2nd lane, Avariwatte Rd, Wattala | J8: 533253350v | K8: Roman Catholic | L8: 0777176040 | M8: viviansavery@yahoo.com | N8: 20 | O8: 11 | P8: 1953 | Q8: 19683 | R8: 69.306849 | S8: Male | T8: 02 | U8: 01 | V8: 2020 | W8: 43832 | Y8: Yes
A9: 2 | B9: 052 | C9: 788 | D9: 0106 | E9: 2/052/788/0106 | G9: Mihindukulasuriya Subash Jeewantha Kurera | H9: Librarian | I9: No. 6/2, Pitipana Street, Negombo. | J9: 980994287v | K9: Catholic | L9: 0702098728 | M9: subashkurera7@gmail.com | N9: 8 | O9: 4 | P9: 1998 | Q9: 35893 | R9: 24.89589 | S9: Male | T9: 3 | U9: 1 | V9: 2020 | W9: 43833 | X9: Yes
A10: 2 | B10: 052 | C10: 861 | D10: 0123 | E10: 2/052/861/0123 | G10: T Sumudu S Perera | H10: Lab Assistant | I10: No. 629, Daluwakotuwa, Kochchikade. | J10: 975411540v | K10: Catholic | L10: 761936351 | M10: sumuduperera54@gmail.com | N10: 10 | O10: 2 | P10: 1997 | Q10: 35471 | R10: 26.052055 | S10: Female | T10: 6 | U10: 6 | V10: 2022 | W10: 44718
A11: 2 | B11: 053 | C11: 018 | D11: 0163 | E11: 2/053/018/0163 | F11: Confirmed | G11: Edirisinghe Mudiyanselage Dilini Rasika Edirisinghe | H11: Assistant Accountant | I11: No 276/7, Sugatharama Road, Seeduwa | J11: 747461899V | K11: Roman Catholic | L11: 712460748 | M11: dilinirasika74@gmail.com | N11: 2 | O11: 9 | P11: 1974 | Q11: 27274 | R11: 48.509589 | S11: Female | T11: 1 | U11: 3 | V11: 2011 | W11: 41288 | Y11: YES
A12: 2 | B12: 053 | C12: 034 | D12: 0165 | E12: 2/053/034/0165 | F12: Confirmed | G12: Wishmakarma Manam Muhandiramlage Susithe Edward | H12: Accountant | I12: Susith, Suse Road (West), Wennappuwa | J12: 800172101V | K12: Roman Catholic | L12: 777892661 | M12: eddieed9@gmail.com | N12: 17 | O12: 1 | P12: 1980 | Q12: 29237 | R12: 43.131507 | S12: Male | T12: 14 | U12: 9 | V12: 2012 | W12: 41288 | Y12: YES
A13: 2 | B13: 053 | C13: 037 | D13: 0166 | E13: 2/053/037/0166 | F13: Confirmed | G13: Mahamuge Charith Srimal Fernando | H13: Assistant Administrative Officer | I13: No. 18, Nirmala Mawatha, 8th Lane, Katuwapitiya, Negombo | J13: 853481380V | K13: Roman Catholic | L13: 714436551, 775416955 | M13: charithsrimal123@gmail.com | N13: 13 | O13: 12 | P13: 1985 | Q13: 31394 | R13: 37.221918 | S13: Male | T13: 6 | U13: 8 | V13: 2012 | W13: 41288 | Y13: YES
A14: 2 | B14: 053 | C14: 042 | D14: 0169 | E14: 2/053/042/0169 | F14: Confirmed | G14: Paul Peter Dilan Alex | H14: Manager - It | I14: No 14/7, Dewala Road , Hendala, Wattala | J14: 842483581V | K14: Roman Catholic | L14: 715776211, 715742874 | M14: dilanalex@gmail.com | N14: 4 | O14: 9 | P14: 1984 | Q14: 30929 | R14: 38.49589 | S14: Male | T14: 10 | U14: 1 | V14: 2013 | W14: 41288 | Y14: YES
A15: 2 | B15: 053 | C15: 082 | D15: 0178 | E15: 2/053/082/0178 | F15: N/A | G15: Robert Haemish Pemsiri De Silva | H15: Office Helper | I15: No. 57/1, Baseline Road, Amandoluwa, Seeduwa | J15: 391340668V | K15: Roman Catholic | L15: 778518615 | M15: N/A | N15: 13 | O15: 5 | P15: 1939 | Q15: 14378 | R15: 83.841096 | S15: Male | T15: 1 | U15: 9 | V15: 2014 | W15: 41288
A16: 2 | B16: 053 | C16: 101 | D16: 0180 | E16: 2/053/101/0180 | F16: Confirmed | G16: Thaleirathna Mudalige Don Tyronne Wickramasekara | H16: Assistant Academic Coordinator | I16: No. 10/1, Senasungoda, Pugoda | J16: 782880403V | K16: Roman Catholic | L16: 773971343 | M16: calistus178@gmail.com | N16: 14 | O16: 10 | P16: 1978 | Q16: 28777 | R16: 44.391781 | S16: Male | T16: 2 | U16: 5 | V16: 2016 | W16: 41288 | Y16: YES
A17: 2 | B17: 053 | C17: 117 | D17: 0183 | E17: 2/053/117/0183 | F17: Confirmed | G17: Kalinga Prabuddi Shamel Silva | H17: Assistant Manager-It | I17: No.84,Visakawatta ,Ekala, Jaela | J17: 933643182V | K17: Roman Catholic | L17: 773344000 | M17: shamelsilvash@gmail.com | N17: 29 | O17: 12 | P17: 1993 | Q17: 34332 | R17: 29.172603 | S17: Male | T17: 1 | U17: 12 | V17: 2016 | W17: 41288 | Y17: YES
A18: 2 | B18: 053 | C18: 120 | D18: 0186 | E18: 2/053/120/0186 | F18: Confirmed | G18: Bothalage Shayani Dileka Fernando | H18: Assistant Academic Coordinator | I18: No.86,"Chandra",Bandarawatte, Seeduwa | J18: 967583944V | K18: Roman Catholic | L18: 767308697 | M18: shayani.dileka@gmail.com | N18: 14 | O18: 9 | P18: 1996 | Q18: 35322 | R18: 26.460274 | S18: Female | T18: 4 | U18: 1 | V18: 2017 | W18: 41288 | Y18: YES
A19: 2 | B19: 053 | C19: 154 | D19: 0194 | E19: 2/053/154/0194 | F19: Confirmed | G19: Polwattage Saman Jayananda Costa | H19: Front Officer | I19: No. 551, Sathuta, Dandugama, Jaela. | J19: 582570108V | K19: Roman Catholic | L19: 776358856 | M19: N/A | N19: 13 | O19: 9 | P19: 1958 | Q19: 21441 | R19: 64.490411 | S19: Male | T19: 2 | U19: 10 | V19: 2017 | W19: 41288 | Y19: YES
A20: 2 | B20: 053 | C20: 181 | D20: 0203 | E20: 2/053/181/0203 | F20: Confirmed | G20: Nadeesha Dilshanie Rochelle Vanderwall | H20: Examination Officer | I20: 176/D, Gonawila Central, Dankotuwa | J20: 926800795V | K20: Christian | L20: 779298858 | M20: rochellev0628@gmail.com | N20: 28 | O20: 6 | P20: 1992 | Q20: 33783 | R20: 30.676712 | S20: Female | T20: 29 | U20: 8 | V20: 2018 | W20: 41288 | Y20: YES
A21: 2 | B21: 053 | C21: 188 | D21: 0205 | E21: 2/053/188/0205 | F21: Confirmed | G21: Piumi Ishara Jayakody | H21: Accounts Assistant | I21: No. 463/C, Pulluhena, Pamunugama | J21: 967742139V | K21: Roman Catholic | L21: 776767276 | M21: isharajayakody5555@gmail.com | N21: 30 | O21: 9 | P21: 1996 | Q21: 35338 | R21: 26.416438 | S21: Female | T21: 2 | U21: 10 | V21: 2018 | W21: 41288 | Y21: YES
A22: 2 | B22: 053 | C22: 189 | D22: 0206 | E22: 2/053/189/0206 | F22: Confirmed | G22: Palihewadena Arachchige Shehan Asuk Perera Jayawardena | H22: Assistant Accountant | I22: No. 35/13, Dadly Senanayake Mawatha, Negombo | J22: 822994300V | K22: Roman Catholic | L22: 721148029, 767379463 | M22: shehanasuk377@gmail.com | N22: 25 | O22: 10 | P22: 1982 | Q22: 30249 | R22: 40.358904 | S22: Male | T22: 8 | U22: 10 | V22: 2018 | W22: 41288 | Y22: YES
A23: 2 | B23: 053 | C23: 209 | D23: 0214 | E23: 2/053/209/0214 | F23: Contract | G23: Muthunamagonnage Anne Sanasha Nishmi Fernando | H23: Accounts Assistant | I23: No. 84a, St. Jude's Road, Enderamulla, Wattala | J23: 985203709V | K23: Roman Catholic | L23: 770775542 | M23: sanunish1998@gmail.com | N23: 20 | O23: 1 | P23: 1998 | Q23: 35815 | R23: 25.109589 | S23: Female | T23: 11 | U23: 3 | V23: 2019 | W23: 41288
A24: 2 | B24: 053 | C24: 213 | D24: 0216 | E24: 2/053/213/0216 | F24: Confirmed | G24: Wadihiti Hamulage Harshani Mekala | H24: It Assistant | I24: No. 25/41, Kalyani Mawatha, Wattala | J24: 927041413V | K24: Roman Catholic | L24: 779694775 | M24: mekala.stic@gmail.com | N24: 22 | O24: 7 | P24: 1992 | Q24: 33807 | R24: 30.610959 | S24: Female | T24: 14 | U24: 5 | V24: 2019 | W24: 41288 | Y24: YES
A25: 2 | B25: 053 | C25: 215 | D25: 0217 | E25: 2/053/215/0217 | F25: Confirmed | G25: Ruwan Sanjeewa Hettiarachchi | H25: Receptionist | I25: Pitawala Mawatha, Gonawila, Dankotuwa | J25: 831980109V | K25: Roman Catholic | L25: 777623731 | M25: ruwanstcic@yahoo.com | N25: 16 | O25: 7 | P25: 1983 | Q25: 30513 | R25: 39.635616 | S25: Male | T25: 17 | U25: 6 | V25: 2019 | W25: 41288 | Y25: YES
A26: 2 | B26: 053 | C26: 217 | D26: 0218 | E26: 2/053/217/0218 | F26: Confirmed | G26: Warnakulasooriya Emmanuel Nilukshan Fernando | H26: Academic Assistant | I26: No 19/33, Cardinal Coorey Road, Sea Street, Negombo | J26: 199909202608 | K26: Roman Catholic | L26: 771687030 | M26: niluk19990401@gmail.com | N26: 1 | O26: 4 | P26: 1999 | Q26: 36251 | R26: 23.915068 | S26: Male | T26: 26 | U26: 6 | V26: 2019 | W26: 41288 | Y26: YES
A27: 2 | B27: 053 | C27: 235 | D27: 0227 | E27: 2/053/235/0227 | F27: Confirmed | G27: Hathurusinha Arachhilage Don Anuja Nirosh | H27: Academic Assistant | I27: No.482/B, Jayasinhamavatha, Nugape, Pamunugama | J27: 990282196V | K27: Roman Catholic | L27: 776437928 | M27: anujanirosh9@gmail.com | N27: 28 | O27: 1 | P27: 1999 | Q27: 36188 | R27: 24.087671 | S27: Male | T27: 1 | U27: 11 | V27: 2019 | W27: 41288 | Y27: YES
A28: 2 | B28: 053 | C28: 259 | D28: 0238 | E28: 2/053/259/0238 | F28: Confirmed | G28: Menusha Prishani Wijerathna | H28: Administrative Officer | I28: No. 383, Mahawatta, Pamunugama | J28: 956201500V | K28: Roman Catholic | L28: 766639702 | M28: menushaprishani@gmail.com | N28: 29 | O28: 4 | P28: 1995 | Q28: 34818 | R28: 27.841096 | S28: Female | T28: 5 | U28: 10 | V28: 2020 | W28: 41288 | Y28: YES
A29: 2 | B29: 053 | C29: 274 | D29: 0246 | E29: 2/053/274/0246 | F29: Confirmed | G29: Panambarage Madushi Sankalpana Fernando | H29: Accounts Assistant | I29: No. 79, Welihena South, Kochchikade | J29: 968511114V | K29: Roman Catholic | L29: 778274194 | M29: madusaf@gmail.com | N29: 16 | O29: 12 | P29: 1996 | Q29: 35415 | R29: 26.205479 | S29: Female | T29: 29 | U29: 4 | V29: 2021 | W29: 41288 | Y29: YES
A30: 2 | B30: 053 | C30: 275 | D30: 0247 | E30: 2/053/275/0247 | F30: Confirmed | G30: Kariyakarawanage Malini Priyashani Fernando | H30: Admin Office - Assistant | I30: 40/1, St. Nikula Mawatha, South Katuwapitiya , Negombo. | J30: 985080011V | K30: Roman Catholic | L30: 776947299 | M30: maliefdo@gmail.com | N30: 8 | O30: 1 | P30: 1998 | Q30: 35803 | R30: 25.142466 | S30: Female | T30: 10 | U30: 5 | V30: 2021 | W30: 41288 | Y30: YES
A31: 2 | B31: 053 | C31: 320 | D31: 0273 | E31: 2/053/320/0273 | F31: Probation | G31: Manannaidelage Lakshan Udara Fonseka | H31: Admin Office - Assistant | I31: 37/4, St. Xavier Road, Ja-Ela | J31: 961142172V | K31: Roman Catholic | L31: 717670873 | M31: lakshan.udara@gmail.com | N31: 4 | O31: 4 | P31: 1996 | Q31: 35159 | R31: 26.906849 | S31: Male | T31: 10 | U31: 10 | V31: 2022 | W31: 41288

Sheet Support Staff
A2: Personal Identification Number | E2: Teacher Identification Number (TIN) | F2: Present Category (Confirmed/Contract) | G2: Name in Full | H2: Designation | I2: Home Address | J2: NIC Number | K2: Religion | L2: Telephone Numbers | M2: Email | N2: Date of Birth | Q2: Date of Birth | S2: Gender | T2: Date of First Appointment | W2: Date of First Appointment | X2: Confirmation Letter Issued | Y2: Contract Letter Issued
R3: Age
N4: Date | O4: Month | P4: Year | T4: Date | U4: Month | V4: Year
A5: 3 | B5: 051 | C5: 424 | D5: 0030 | E5: 3/051/424/0030 | F5: Confirmed | G5: Kumuduni Malkanthi | H5: Support Staff | I5: 42, Waishakya Mw, Rajagiriya | J5: 676002510v | K5: Buddhist | L5: 0754410628 | N5: 09 | O5: 04 | P5: 1967 | Q5: 24571 | R5: 55.915068 | S5: Female | T5: 20 | U5: 04 | V5: 2009 | W5: 39923 | Y5: Yes
A6: 3 | B6: 051 | C6: 685 | D6: 0031 | E6: 3/051/685/0031 | F6: Confirmed | G6: Deepika Lakmali | H6: Support Staff | I6: 1033/D, Thalangama South, Nagahamulla, Battaramulla | J6: 825032754v | K6: Roman Catholic | L6: 0752964196 | N6: 03 | O6: 01 | P6: 1982 | Q6: 29954 | R6: 41.167123 | S6: Female | T6: 01 | U6: 02 | V6: 2016 | W6: 42401 | Y6: Yes
A7: 3 | B7: 051 | C7: 723 | D7: 0032 | E7: 3/051/723/0032 | F7: Confirmed | G7: Sasikala Sewwandi | H7: Support Staff | I7: 1033/A, Thalangama South, Nagahamulla, Battaramulla | J7: 948344785v | K7: Buddhist | L7: 0721375235 | N7: 29 | O7: 11 | P7: 1994 | Q7: 34667 | R7: 28.254795 | S7: Female | T7: 04 | U7: 09 | V7: 2017 | W7: 42982 | Y7: Yes
A8: 3 | B8: 051 | C8: xxx | D8: 0033 | E8: 3/051/xxx/0033 | F8: Contract | G8: H I David | H8: Support Staff | I8: 4/270, Nawarohala Rd, Mulleriyawa | J8: 531841921v | K8: Buddhist | L8: 0717951767 | N8: 02 | O8: 07 | P8: 1953 | Q8: 19542 | R8: 69.693151 | S8: Male | T8: 01 | U8: 03 | V8: 2016 | W8: 42430 | Y8: No
A9: 3 | B9: 051 | C9: 882 | D9: 0037 | E9: 3/051/882/0037 | F9: Contract | G9: Janitha Santhusha | H9: Support Staff | I9: 144/1, Welikanna, Waga | J9: 200010702612 | K9: Roman Catholic | L9: 0718863930 | M9: janith@gmail.com | N9: 16 | O9: 04 | P9: 2000 | Q9: 36632 | R9: 22.871233 | S9: Male | T9: 05 | U9: 01 | V9: 2023 | W9: 44931 | Y9: No

Sheet Those left
E2: Those who left (before 31.03.2023)
F4: SNIC, Col | I4: Old number given to | J4: Date joined | K4: Date of resignation
E5: 1/051/014/0014 | F5: Confirmed | G5: Nimesha Priyadarshani | H5: Teacher | I5: Piumi Virajika | J5: 24.04.2023
E6: 1/051/020/0020 | F6: Confirmed | G6: Umaira Faizal | H6: Teacher | I6: TM Asitha Madhawa Tennakoon | J6: 01.09.2023
E7: 1/051/027/0027 | F7: Confirmed | G7: Apsara Gunaratne | H7: Teacher
C8: End date | E8: 1/051/014/0014 | F8: Confirmed | G8: H.N. Piumi Virajika | H8: Teacher
C9: 20.02.2025 | E9: 1/051/004/0004 | F9: Confirmed | G9: M. Maheswary | H9: Teacher
C10: 14.02.2025 | E10: 1/051/015/0015 | F10: Confirmed | G10: Chamanthi Withanage | H10: Teacher
C11: 31.12.2024 | E11: 1/051/018/0018 | F11: Probation | G11: Karen Jason | H11: Teacher
F20: SNIC, Negombo
E21: 1/052/069/0097 | F21: Confirmed | G21: E A Thilina Rukshan Edirisinghe | H21: Teacher
E22: 1/052/081/0109 | F22: Probation | G22: Malki Shanika Vijayakumar | H22: Teacher Assistant
E23: 1/052/093/0121 | F23: Probation | G23: T. Dilmi U.
E24: 1/052/095/0123 | F24: Probation | G24: G. Irushi S. Silva | H24: Teacher
E25: 1/052/108/0136 | F25: Contract | G25: Kehelbaddarage Anushima Roshini Fernando | H25: Shadow Teacher
E26: 1/052/122/0275 | F26: Probation | G26: Weerakkody Pathirannehelage Shanesh Kanchanamala Ranasinghe | H26: Teacher | I26: 31/3, Katana Road, Thimbirigaskatuwa | J26: 915862683V | K26: Buddhist | L26: 0779909881, 0312279118 | M26: shaneshranasinghe26@gmail.com
A27: 1 | B27: 052 | C27: 007 | D27: 0035 | E27: =CONCATENATE(A27,"/",B27,"/",C27,"/",D27) -> 1/052/007/0035 | G27: Lakshika N. Rajaratne | H27: Part time teacher | I27: 152/1, St. Jude Mawatha, Katuwapitiy a, Negombo. | J27: 707891718v | K27: Catholic | L27: 0773136701 | M27: lakshi.rajarathne@gmail.com | N27: 15 | O27: 10 | P27: 1970 | Q27: =DATE(P27,O27,N27) -> 25856 | R27: =(Academic!$G$7-Q27)/365 -> 55.263014 | S27: Female | T27: 22 | U27: 5 | V27: 2022 | W27: =DATE(V27,U27,T27) -> 44703 | Y27: Yes | Z27: =DATEDIF(W27,TODAY(),"Y") -> 3 | AA27: =DATEDIF(W27,TODAY(),"YM") -> 7 | AB27: =DATEDIF(W27,TODAY(),"MD") -> 14 | AC27: =CONCATENATE(Z27,"Years","/",,AA27,"Months","/",AB27,"Days") -> 3Years/7Months/14Days | AD27: =(DATE(P27,O27,N27)+21915) -> 47771 | AE27: =DATEDIF(TODAY(),AD27,"Y") -> 4 | AF27: =DATEDIF(TODAY(),AD27,"YM") -> 9 | AG27: =DATEDIF(TODAY(),AD27,"MD") -> 10 | AH27: =CONCATENATE(AE27,"Years","/",AF27,"Months","/",AG27,"Days") -> 4Years/9Months/10Days | AI27: =CONCATENATE(AJ27,"years", " ",",", " ",AK27,"months ","and"," ",AL27,"days") -> 8years , 4months and 23days | AJ27: =DATEDIF(W27,AD27,"Y") -> 8 | AK27: =DATEDIF(W27,AD27,"YM") -> 4 | AL27: =DATEDIF(W27,AD27,"MD") -> 23
A28: 1 | B28: 052 | C28: 008 | D28: 0036 | E28: =CONCATENATE(A28,"/",B28,"/",C28,"/",D28) -> 1/052/008/0036 | G28: S Jayalali P Fernando | H28: Part time teacher | I28: 284/4/A, Daluwakotuwa, Kochchikade | J28: 866322325v | K28: Catholic | L28: 0774028950 | M28: jayalalifernando@gmail.com | N28: 11 | O28: 5 | P28: 1986 | Q28: =DATE(P28,O28,N28) -> 31543 | R28: =(Academic!$G$7-Q28)/365 -> 39.682192 | S28: Female | T28: 1 | U28: 8 | V28: 2022 | W28: =DATE(V28,U28,T28) -> 44774 | Y28: Yes | Z28: =DATEDIF(W28,TODAY(),"Y") -> 3 | AA28: =DATEDIF(W28,TODAY(),"YM") -> 5 | AB28: =DATEDIF(W28,TODAY(),"MD") -> 4 | AC28: =CONCATENATE(Z28,"Years","/",,AA28,"Months","/",AB28,"Days") -> 3Years/5Months/4Days | AD28: =(DATE(P28,O28,N28)+21915) -> 53458 | AE28: =DATEDIF(TODAY(),AD28,"Y") -> 20 | AF28: =DATEDIF(TODAY(),AD28,"YM") -> 4 | AG28: =DATEDIF(TODAY(),AD28,"MD") -> 6 | AH28: =CONCATENATE(AE28,"Years","/",AF28,"Months","/",AG28,"Days") -> 20Years/4Months/6Days | AI28: =CONCATENATE(AJ28,"years", " ",",", " ",AK28,"months ","and"," ",AL28,"days") -> 23years , 9months and 10days | AJ28: =DATEDIF(W28,AD28,"Y") -> 23 | AK28: =DATEDIF(W28,AD28,"YM") -> 9 | AL28: =DATEDIF(W28,AD28,"MD") -> 10
A29: 1 | B29: 052 | C29: 010 | D29: 0038 | E29: =CONCATENATE(A29,"/",B29,"/",C29,"/",D29) -> 1/052/010/0038 | G29: D Danupa N Munasinghe | H29: Part time teacher | I29: 50, Convent Road, Bolawalana, Negombo | J29: 822402976v | K29: Buddhist | L29: 0777829895/0312231316 | M29: dmslhc@gmail.com | N29: 27 | O29: 8 | P29: 1982 | Q29: =DATE(P29,O29,N29) -> 30190 | R29: =(Academic!$G$7-Q29)/365 -> 43.389041 | S29: Male | T29: 28 | U29: 4 | V29: 2022 | W29: =DATE(V29,U29,T29) -> 44679 | Y29: Yes | Z29: =DATEDIF(W29,TODAY(),"Y") -> 3 | AA29: =DATEDIF(W29,TODAY(),"YM") -> 8 | AB29: =DATEDIF(W29,TODAY(),"MD") -> 8 | AC29: =CONCATENATE(Z29,"Years","/",,AA29,"Months","/",AB29,"Days") -> 3Years/8Months/8Days | AD29: =(DATE(P29,O29,N29)+21915) -> 52105 | AE29: =DATEDIF(TODAY(),AD29,"Y") -> 16 | AF29: =DATEDIF(TODAY(),AD29,"YM") -> 7 | AG29: =DATEDIF(TODAY(),AD29,"MD") -> 22 | AH29: =CONCATENATE(AE29,"Years","/",AF29,"Months","/",AG29,"Days") -> 16Years/7Months/22Days | AI29: =CONCATENATE(AJ29,"years", " ",",", " ",AK29,"months ","and"," ",AL29,"days") -> 20years , 3months and 30days | AJ29: =DATEDIF(W29,AD29,"Y") -> 20 | AK29: =DATEDIF(W29,AD29,"YM") -> 3 | AL29: =DATEDIF(W29,AD29,"MD") -> 30
A30: 1 | B30: 052 | C30: 015 | D30: 0043 | E30: =CONCATENATE(A30,"/",B30,"/",C30,"/",D30) -> 1/052/015/0043 | G30: P V Manjula P Peiris | H30: Teacher | I30: No. 321/1, Sriluck Mawatha, Kasagahawatta, Kotugoda | J30: 197581500623 | K30: Catholic | L30: 0771123403 | M30: mpperis50@gmail.com | N30: 10 | O30: 11 | P30: 1975 | Q30: =DATE(P30,O30,N30) -> 27708 | R30: =(Academic!$G$7-Q30)/365 -> 50.189041 | S30: Female | T30: 1 | U30: 2 | V30: 2005 | W30: =DATE(V30,U30,T30) -> 38384 | X30: Yes | Z30: =DATEDIF(W30,TODAY(),"Y") -> 20 | AA30: =DATEDIF(W30,TODAY(),"YM") -> 11 | AB30: =DATEDIF(W30,TODAY(),"MD") -> 4 | AC30: =CONCATENATE(Z30,"Years","/",,AA30,"Months","/",AB30,"Days") -> 20Years/11Months/4Days | AD30: =(DATE(P30,O30,N30)+21915) -> 49623 | AE30: =DATEDIF(TODAY(),AD30,"Y") -> 9 | AF30: =DATEDIF(TODAY(),AD30,"YM") -> 10 | AG30: =DATEDIF(TODAY(),AD30,"MD") -> 5 | AH30: =CONCATENATE(AE30,"Years","/",AF30,"Months","/",AG30,"Days") -> 9Years/10Months/5Days | AI30: =CONCATENATE(AJ30,"years", " ",",", " ",AK30,"months ","and"," ",AL30,"days") -> 30years , 9months and 9days | AJ30: =DATEDIF(W30,AD30,"Y") -> 30 | AK30: =DATEDIF(W30,AD30,"YM") -> 9 | AL30: =DATEDIF(W30,AD30,"MD") -> 9
A31: 1 | B31: 052 | C31: 022 | D31: 0050 | E31: =CONCATENATE(A31,"/",B31,"/",C31,"/",D31) -> 1/052/022/0050 | G31: P Thakshila Danushani | H31: Teacher | I31: 120/A/1 Nedagamuwa, Kotugoda. | J31: 828644025v | K31: Buddhist | L31: 0772322171 | M31: thakshiladanushani@gmail.com | N31: 29 | O31: 12 | P31: 1982 | Q31: =DATE(P31,O31,N31) -> 30314 | R31: =(Academic!$G$7-Q31)/365 -> 43.049315 | S31: Female | T31: 15 | U31: 9 | V31: 2008 | W31: =DATE(V31,U31,T31) -> 39706 | X31: Yes | Z31: =DATEDIF(W31,TODAY(),"Y") -> 17 | AA31: =DATEDIF(W31,TODAY(),"YM") -> 3 | AB31: =DATEDIF(W31,TODAY(),"MD") -> 21 | AC31: =CONCATENATE(Z31,"Years","/",,AA31,"Months","/",AB31,"Days") -> 17Years/3Months/21Days | AD31: =(DATE(P31,O31,N31)+21915) -> 52229 | AE31: =DATEDIF(TODAY(),AD31,"Y") -> 16 | AF31: =DATEDIF(TODAY(),AD31,"YM") -> 11 | AG31: =DATEDIF(TODAY(),AD31,"MD") -> 24 | AH31: =CONCATENATE(AE31,"Years","/",AF31,"Months","/",AG31,"Days") -> 16Years/11Months/24Days | AI31: =CONCATENATE(AJ31,"years", " ",",", " ",AK31,"months ","and"," ",AL31,"days") -> 34years , 3months and 14days | AJ31: =DATEDIF(W31,AD31,"Y") -> 34 | AK31: =DATEDIF(W31,AD31,"YM") -> 3 | AL31: =DATEDIF(W31,AD31,"MD") -> 14
A32: 1 | B32: 052 | C32: 030 | D32: 0058 | E32: =CONCATENATE(A32,"/",B32,"/",C32,"/",D32) -> 1/052/030/0058 | G32: Anton Randika Perera | H32: Teacher | I32: No. 02, Malwatta Road, Negombo. | J32: 198229010103 | K32: Catholic | L32: 0777710535/0717710535 | M32: randika.perera@gmail.com | N32: 16 | O32: 10 | P32: 1982 | Q32: =DATE(P32,O32,N32) -> 30240 | R32: =(Academic!$G$7-Q32)/365 -> 43.252055 | S32: Male | T32: 1 | U32: 9 | V32: 2009 | W32: =DATE(V32,U32,T32) -> 40057 | X32: Yes | Z32: =DATEDIF(W32,TODAY(),"Y") -> 16 | AA32: =DATEDIF(W32,TODAY(),"YM") -> 4 | AB32: =DATEDIF(W32,TODAY(),"MD") -> 4 | AC32: =CONCATENATE(Z32,"Years","/",,AA32,"Months","/",AB32,"Days") -> 16Years/4Months/4Days | AD32: =(DATE(P32,O32,N32)+21915) -> 52155 | AE32: =DATEDIF(TODAY(),AD32,"Y") -> 16 | AF32: =DATEDIF(TODAY(),AD32,"YM") -> 9 | AG32: =DATEDIF(TODAY(),AD32,"MD") -> 11 | AH32: =CONCATENATE(AE32,"Years","/",AF32,"Months","/",AG32,"Days") -> 16Years/9Months/11Days | AI32: =CONCATENATE(AJ32,"years", " ",",", " ",AK32,"months ","and"," ",AL32,"days") -> 33years , 1months and 15days | AJ32: =DATEDIF(W32,AD32,"Y") -> 33 | AK32: =DATEDIF(W32,AD32,"YM") -> 1 | AL32: =DATEDIF(W32,AD32,"MD") -> 15
A33: 1 | B33: 052 | C33: 037 | D33: 0065 | E33: =CONCATENATE(A33,"/",B33,"/",C33,"/",D33) -> 1/052/037/0065 | G33: P M D A Malsha Philip | H33: Teacher | I33: No. 252/C, Chilaw road, Waikkala. | J33: 915621066v | K33: Catholic | L33: 0776173439 | M33: malshaphilip@gmail.com | N33: 2 | O33: 3 | P33: 1991 | Q33: =DATE(P33,O33,N33) -> 33299 | R33: =(Academic!$G$7-Q33)/365 -> 34.871233 | S33: Female | T33: 15 | U33: 2 | V33: 2012 | W33: =DATE(V33,U33,T33) -> 40954 | X33: Yes | Z33: =DATEDIF(W33,TODAY(),"Y") -> 13 | AA33: =DATEDIF(W33,TODAY(),"YM") -> 10 | AB33: =DATEDIF(W33,TODAY(),"MD") -> 21 | AC33: =CONCATENATE(Z33,"Years","/",,AA33,"Months","/",AB33,"Days") -> 13Years/10Months/21Days | AD33: =(DATE(P33,O33,N33)+21915) -> 55214 | AE33: =DATEDIF(TODAY(),AD33,"Y") -> 25 | AF33: =DATEDIF(TODAY(),AD33,"YM") -> 1 | AG33: =DATEDIF(TODAY(),AD33,"MD") -> 25 | AH33: =CONCATENATE(AE33,"Years","/",AF33,"Months","/",AG33,"Days") -> 25Years/1Months/25Days | AI33: =CONCATENATE(AJ33,"years", " ",",", " ",AK33,"months ","and"," ",AL33,"days") -> 39years , 0months and 15days | AJ33: =DATEDIF(W33,AD33,"Y") -> 39 | AK33: =DATEDIF(W33,AD33,"YM") -> 0 | AL33: =DATEDIF(W33,AD33,"MD") -> 15
A34: 1 | B34: 052 | C34: 038 | D34: 0066 | E34: =CONCATENATE(A34,"/",B34,"/",C34,"/",D34) -> 1/052/038/0066 | G34: A.S.Christeen Wickramanayaka | H34: Teacher | I34: No 488/2A, St. Sebastian Road, Katunayaka. | J34: 895253383v | K34: Catholic | L34: 0775677508 | M34: wickramanayakeas@gmail.com | N34: 25 | O34: 1 | P34: 1989 | Q34: =DATE(P34,O34,N34) -> 32533 | R34: =(Academic!$G$7-Q34)/365 -> 36.969863 | S34: Female | T34: 3 | U34: 9 | V34: 2012 | W34: =DATE(V34,U34,T34) -> 41155 | X34: Yes | Z34: =DATEDIF(W34,TODAY(),"Y") -> 13 | AA34: =DATEDIF(W34,TODAY(),"YM") -> 4 | AB34: =DATEDIF(W34,TODAY(),"MD") -> 2 | AC34: =CONCATENATE(Z34,"Years","/",,AA34,"Months","/",AB34,"Days") -> 13Years/4Months/2Days | AD34: =(DATE(P34,O34,N34)+21915) -> 54448 | AE34: =DATEDIF(TODAY(),AD34,"Y") -> 23 | AF34: =DATEDIF(TODAY(),AD34,"YM") -> 0 | AG34: =DATEDIF(TODAY(),AD34,"MD") -> 20 | AH34: =CONCATENATE(AE34,"Years","/",AF34,"Months","/",AG34,"Days") -> 23Years/0Months/20Days | AI34: =CONCATENATE(AJ34,"years", " ",",", " ",AK34,"months ","and"," ",AL34,"days") -> 36years , 4months and 22days | AJ34: =DATEDIF(W34,AD34,"Y") -> 36 | AK34: =DATEDIF(W34,AD34,"YM") -> 4 | AL34: =DATEDIF(W34,AD34,"MD") -> 22
A35: 1 | B35: 052 | C35: 039 | D35: 0067 | E35: =CONCATENATE(A35,"/",B35,"/",C35,"/",D35) -> 1/052/039/0067 | G35: P.A.Chandrika P Perera | H35: Teacher | I35: 275, 60 Feet Road, Daluppotha, Negombo | J35: 197476502473 | K35: Catholic | L35: 0713067000/0762547474 | M35: chanperera22@gmail.com | N35: 21 | O35: 9 | P35: 1974 | Q35: =DATE(P35,O35,N35) -> 27293 | R35: =(Academic!$G$7-Q35)/365 -> 51.326027 | S35: Female | T35: 3 | U35: 9 | V35: 2012 | W35: =DATE(V35,U35,T35) -> 41155 | X35: Yes | Z35: =DATEDIF(W35,TODAY(),"Y") -> 13 | AA35: =DATEDIF(W35,TODAY(),"YM") -> 4 | AB35: =DATEDIF(W35,TODAY(),"MD") -> 2 | AC35: =CONCATENATE(Z35,"Years","/",,AA35,"Months","/",AB35,"Days") -> 13Years/4Months/2Days | AD35: =(DATE(P35,O35,N35)+21915) -> 49208 | AE35: =DATEDIF(TODAY(),AD35,"Y") -> 8 | AF35: =DATEDIF(TODAY(),AD35,"YM") -> 8 | AG35: =DATEDIF(TODAY(),AD35,"MD") -> 16 | AH35: =CONCATENATE(AE35,"Years","/",AF35,"Months","/",AG35,"Days") -> 8Years/8Months/16Days | AI35: =CONCATENATE(AJ35,"years", " ",",", " ",AK35,"months ","and"," ",AL35,"days") -> 22years , 0months and 18days | AJ35: =DATEDIF(W35,AD35,"Y") -> 22 | AK35: =DATEDIF(W35,AD35,"YM") -> 0 | AL35: =DATEDIF(W35,AD35,"MD") -> 18
A36: 1 | B36: 052 | C36: 046 | D36: 0074 | E36: =CONCATENATE(A36,"/",B36,"/",C36,"/",D36) -> 1/052/046/0074 | G36: P D Mithila Wanigasekara | H36: Teacher | I36: No. 160, Andimulla, Katana. | J36: 837893348v | K36: Catholic | L36: 0777189797 | M36: mithilawanigasekara@gmail.com | N36: 15 | O36: 10 | P36: 1983 | Q36: =DATE(P36,O36,N36) -> 30604 | R36: =(Academic!$G$7-Q36)/365 -> 42.254795 | S36: Female | T36: 29 | U36: 1 | V36: 2014 | W36: =DATE(V36,U36,T36) -> 41668 | X36: Yes | Z36: =DATEDIF(W36,TODAY(),"Y") -> 11 | AA36: =DATEDIF(W36,TODAY(),"YM") -> 11 | AB36: =DATEDIF(W36,TODAY(),"MD") -> 7 | AC36: =CONCATENATE(Z36,"Years","/",,AA36,"Months","/",AB36,"Days") -> 11Years/11Months/7Days | AD36: =(DATE(P36,O36,N36)+21915) -> 52519 | AE36: =DATEDIF(TODAY(),AD36,"Y") -> 17 | AF36: =DATEDIF(TODAY(),AD36,"YM") -> 9 | AG36: =DATEDIF(TODAY(),AD36,"MD") -> 10 | AH36: =CONCATENATE(AE36,"Years","/",AF36,"Months","/",AG36,"Days") -> 17Years/9Months/10Days | AI36: =CONCATENATE(AJ36,"years", " ",",", " ",AK36,"months ","and"," ",AL36,"days") -> 29years , 8months and 16days | AJ36: =DATEDIF(W36,AD36,"Y") -> 29 | AK36: =DATEDIF(W36,AD36,"YM") -> 8 | AL36: =DATEDIF(W36,AD36,"MD") -> 16
A37: 1 | B37: 052 | C37: 047 | D37: 0075 | E37: =CONCATENATE(A37,"/",B37,"/",C37,"/",D37) -> 1/052/047/0075 | G37: D. Freeman Anthony Fernando | H37: Teacher | I37: Jaya Mawatha, Lunuwila. | J37: 493001426v | K37: Catholic | L37: 0775837637 | M37: - | N37: 26 | O37: 10 | P37: 1949 | Q37: =DATE(P37,O37,N37) -> 18197 | R37: =(Academic!$G$7-Q37)/365 -> 76.246575 | S37: Male | T37: 11 | U37: 3 | V37: 2014 | W37: =DATE(V37,U37,T37) -> 41709 | X37: Yes | Z37: =DATEDIF(W37,TODAY(),"Y") -> 11 | AA37: =DATEDIF(W37,TODAY(),"YM") -> 9 | AB37: =DATEDIF(W37,TODAY(),"MD") -> 25 | AC37: =CONCATENATE(Z37,"Years","/",,AA37,"Months","/",AB37,"Days") -> 11Years/9Months/25Days | AD37: =(DATE(P37,O37,N37)+21915) -> 40112 | AE37: =DATEDIF(TODAY(),AD37,"Y") -> #NUM! | AF37: =DATEDIF(TODAY(),AD37,"YM") -> #NUM! | AG37: =DATEDIF(TODAY(),AD37,"MD") -> #NUM! | AH37: =CONCATENATE(AE37,"Years","/",AF37,"Months","/",AG37,"Days") -> #NUM! | AI37: =CONCATENATE(AJ37,"years", " ",",", " ",AK37,"months ","and"," ",AL37,"days") -> #NUM! | AJ37: =DATEDIF(W37,AD37,"Y") -> #NUM! | AK37: =DATEDIF(W37,AD37,"YM") -> #NUM! | AL37: =DATEDIF(W37,AD37,"MD") -> #NUM!
A38: 1 | B38: 052 | C38: 051 | D38: 0079 | E38: =CONCATENATE(A38,"/",B38,"/",C38,"/",D38) -> 1/052/051/0079 | G38: Ranga D. Jayasingha | H38: Teacher | I38: No. 130/28, Dwatagahawatta, Seeduwa North, Seeduwa | J38: 766052266v | K38: Catholic | L38: 0722873518 | M38: paulranga45@gmail.com | N38: 14 | O38: 4 | P38: 1976 | Q38: =DATE(P38,O38,N38) -> 27864 | R38: =(Academic!$G$7-Q38)/365 -> 49.761644 | S38: Female | T38: 1 | U38: 9 | V38: 2015 | W38: =DATE(V38,U38,T38) -> 42248 | X38: Yes | Z38: =DATEDIF(W38,TODAY(),"Y") -> 10 | AA38: =DATEDIF(W38,TODAY(),"YM") -> 4 | AB38: =DATEDIF(W38,TODAY(),"MD") -> 4 | AC38: =CONCATENATE(Z38,"Years","/",,AA38,"Months","/",AB38,"Days") -> 10Years/4Months/4Days | AD38: =(DATE(P38,O38,N38)+21915) -> 49779 | AE38: =DATEDIF(TODAY(),AD38,"Y") -> 10 | AF38: =DATEDIF(TODAY(),AD38,"YM") -> 3 | AG38: =DATEDIF(TODAY(),AD38,"MD") -> 9 | AH38: =CONCATENATE(AE38,"Years","/",AF38,"Months","/",AG38,"Days") -> 10Years/3Months/9Days | AI38: =CONCATENATE(AJ38,"years", " ",",", " ",AK38,"months ","and"," ",AL38,"days") -> 20years , 7months and 13days | AJ38: =DATEDIF(W38,AD38,"Y") -> 20 | AK38: =DATEDIF(W38,AD38,"YM") -> 7 | AL38: =DATEDIF(W38,AD38,"MD") -> 13
A39: 1 | B39: 052 | C39: 053 | D39: 0081 | E39: =CONCATENATE(A39,"/",B39,"/",C39,"/",D39) -> 1/052/053/0081 | G39: Linthotage Myumie Nipunika Fernando | H39: Teacher | I39: No. 95, Koongas Junction, Katana. | J39: 907440842v | K39: Catholic | L39: 770474944 | M39: myumie.fernando@gmail.com | N39: 31 | O39: 8 | P39: 1990 | Q39: =DATE(P39,O39,N39) -> 33116 | R39: =(Academic!$G$7-Q39)/365 -> 35.372603 | S39: Female | T39: 28 | U39: 9 | V39: 2015 | W39: =DATE(V39,U39,T39) -> 42275 | X39: Yes | Z39: =DATEDIF(W39,TODAY(),"Y") -> 10 | AA39: =DATEDIF(W39,TODAY(),"YM") -> 3 | AB39: =DATEDIF(W39,TODAY(),"MD") -> 8 | AC39: =CONCATENATE(Z39,"Years","/",,AA39,"Months","/",AB39,"Days") -> 10Years/3Months/8Days | AD39: =(DATE(P39,O39,N39)+21915) -> 55031 | AE39: =DATEDIF(TODAY(),AD39,"Y") -> 24 | AF39: =DATEDIF(TODAY(),AD39,"YM") -> 7 | AG39: =DATEDIF(TODAY(),AD39,"MD") -> 26 | AH39: =CONCATENATE(AE39,"Years","/",AF39,"Months","/",AG39,"Days") -> 24Years/7Months/26Days | AI39: =CONCATENATE(AJ39,"years", " ",",", " ",AK39,"months ","and"," ",AL39,"days") -> 34years , 11months and 3days | AJ39: =DATEDIF(W39,AD39,"Y") -> 34 | AK39: =DATEDIF(W39,AD39,"YM") -> 11 | AL39: =DATEDIF(W39,AD39,"MD") -> 3
A40: 1 | B40: 052 | C40: 056 | D40: 0084 | E40: =CONCATENATE(A40,"/",B40,"/",C40,"/",D40) -> 1/052/056/0084 | G40: E A Gayathri Priyanwada | H40: Teacher | I40: No. 59, Jayaratna Road, Negombo | J40: 885542069v | K40: Buddhist | L40: 0764616434 | M40: gaya3edirisinghe@gmail.com | N40: 23 | O40: 2 | P40: 1988 | Q40: =DATE(P40,O40,N40) -> 32196 | R40: =(Academic!$G$7-Q40)/365 -> 37.893151 | S40: Female | T40: 26 | U40: 4 | V40: 2017 | W40: =DATE(V40,U40,T40) -> 42851 | X40: Yes | Z40: =DATEDIF(W40,TODAY(),"Y") -> 8 | AA40: =DATEDIF(W40,TODAY(),"YM") -> 8 | AB40: =DATEDIF(W40,TODAY(),"MD") -> 10 | AC40: =CONCATENATE(Z40,"Years","/",,AA40,"Months","/",AB40,"Days") -> 8Years/8Months/10Days | AD40: =(DATE(P40,O40,N40)+21915) -> 54111 | AE40: =DATEDIF(TODAY(),AD40,"Y") -> 22 | AF40: =DATEDIF(TODAY(),AD40,"YM") -> 1 | AG40: =DATEDIF(TODAY(),AD40,"MD") -> 18 | AH40: =CONCATENATE(AE40,"Years","/",AF40,"Months","/",AG40,"Days") -> 22Years/1Months/18Days | AI40: =CONCATENATE(AJ40,"years", " ",",", " ",AK40,"months ","and"," ",AL40,"days") -> 30years , 9months and 28days | AJ40: =DATEDIF(W40,AD40,"Y") -> 30 | AK40: =DATEDIF(W40,AD40,"YM") -> 9 | AL40: =DATEDIF(W40,AD40,"MD") -> 28
A41: 1 | B41: 052 | C41: 058 | D41: 0086 | E41: =CONCATENATE(A41,"/",B41,"/",C41,"/",D41) -> 1/052/058/0086 | G41: Ayomi Rasangika Hettiarachchi | H41: Teacher | I41: No. 215, Nugawela Road | J41: 847622890v | K41: Catholic | L41: 0779754505/0312238661 | M41: ayomihettiarachchi@gmail.com | N41: 18 | O41: 9 | P41: 1984 | Q41: =DATE(P41,O41,N41) -> 30943 | R41: =(Academic!$G$7-Q41)/365 -> 41.326027 | S41: Female | T41: 6 | U41: 9 | V41: 2017 | W41: =DATE(V41,U41,T41) -> 42984 | X41: Yes | Z41: =DATEDIF(W41,TODAY(),"Y") -> 8 | AA41: =DATEDIF(W41,TODAY(),"YM") -> 3 | AB41: =DATEDIF(W41,TODAY(),"MD") -> 30 | AC41: =CONCATENATE(Z41,"Years","/",,AA41,"Months","/",AB41,"Days") -> 8Years/3Months/30Days | AD41: =(DATE(P41,O41,N41)+21915) -> 52858 | AE41: =DATEDIF(TODAY(),AD41,"Y") -> 18 | AF41: =DATEDIF(TODAY(),AD41,"YM") -> 8 | AG41: =DATEDIF(TODAY(),AD41,"MD") -> 13 | AH41: =CONCATENATE(AE41,"Years","/",AF41,"Months","/",AG41,"Days") -> 18Years/8Months/13Days | AI41: =CONCATENATE(AJ41,"years", " ",",", " ",AK41,"months ","and"," ",AL41,"days") -> 27years , 0months and 12days | AJ41: =DATEDIF(W41,AD41,"Y") -> 27 | AK41: =DATEDIF(W41,AD41,"YM") -> 0 | AL41: =DATEDIF(W41,AD41,"MD") -> 12
A42: 1 | B42: 052 | C42: 059 | D42: 0087 | E42: =CONCATENATE(A42,"/",B42,"/",C42,"/",D42) -> 1/052/059/0087 | G42: M Rukshika Madushani Peiris | H42: Teacher | I42: No. 10A, Colombo Road, Katunayaka | J42: 897693895v | K42: Catholic | L42: 0770744254 | M42: 89rukshika@gmail.com | N42: 25 | O42: 9 | P42: 1989 | Q42: =DATE(P42,O42,N42) -> 32776 | R42: =(Academic!$G$7-Q42)/365 -> 36.30411 | S42: Female | T42: 25 | U42: 9 | V42: 2017 | W42: =DATE(V42,U42,T42) -> 43003 | X42: Yes | Z42: =DATEDIF(W42,TODAY(),"Y") -> 8 | AA42: =DATEDIF(W42,TODAY(),"YM") -> 3 | AB42: =DATEDIF(W42,TODAY(),"MD") -> 11 | AC42: =CONCATENATE(Z42,"Years","/",,AA42,"Months","/",AB42,"Days") -> 8Years/3Months/11Days | AD42: =(DATE(P42,O42,N42)+21915) -> 54691 | AE42: =DATEDIF(TODAY(),AD42,"Y") -> 23 | AF42: =DATEDIF(TODAY(),AD42,"YM") -> 8 | AG42: =DATEDIF(TODAY(),AD42,"MD") -> 20 | AH42: =CONCATENATE(AE42,"Years","/",AF42,"Months","/",AG42,"Days") -> 23Years/8Months/20Days | AI42: =CONCATENATE(AJ42,"years", " ",",", " ",AK42,"months ","and"," ",AL42,"days") -> 32years , 0months and 0days | AJ42: =DATEDIF(W42,AD42,"Y") -> 32 | AK42: =DATEDIF(W42,AD42,"YM") -> 0 | AL42: =DATEDIF(W42,AD42,"MD") -> 0
A43: 1 | B43: 052 | C43: 062 | D43: 0090 | E43: =CONCATENATE(A43,"/",B43,"/",C43,"/",D43) -> 1/052/062/0090 | G43: M.A.Nirma Suhini Fernando | H43: Teacher | I43: No. 150/B, Jude Mawatha, 2nd Lane, Katuwapiyiya , Negombo. | J43: 975923797v | K43: Catholic | L43: 0778045462 | M43: nirmasuhi@gmail.com | N43: 1 | O43: 4 | P43: 1997 | Q43: =DATE(P43,O43,N43) -> 35521 | R43: =(Academic!$G$7-Q43)/365 -> 28.783562 | S43: Female | T43: 2 | U43: 6 | V43: 2019 | W43: =DATE(V43,U43,T43) -> 43618 | X43: Yes | Z43: =DATEDIF(W43,TODAY(),"Y") -> 6 | AA43: =DATEDIF(W43,TODAY(),"YM") -> 7 | AB43: =DATEDIF(W43,TODAY(),"MD") -> 3 | AC43: =CONCATENATE(Z43,"Years","/",,AA43,"Months","/",AB43,"Days") -> 6Years/7Months/3Days | AD43: =(DATE(P43,O43,N43)+21915) -> 57436 | AE43: =DATEDIF(TODAY(),AD43,"Y") -> 31 | AF43: =DATEDIF(TODAY(),AD43,"YM") -> 2 | AG43: =DATEDIF(TODAY(),AD43,"MD") -> 27 | AH43: =CONCATENATE(AE43,"Years","/",AF43,"Months","/",AG43,"Days") -> 31Years/2Months/27Days | AI43: =CONCATENATE(AJ43,"years", " ",",", " ",AK43,"months ","and"," ",AL43,"days") -> 37years , 9months and 30days | AJ43: =DATEDIF(W43,AD43,"Y") -> 37 | AK43: =DATEDIF(W43,AD43,"YM") -> 9 | AL43: =DATEDIF(W43,AD43,"MD") -> 30
A44: 1 | B44: 052 | C44: 064 | D44: 0092 | E44: =CONCATENATE(A44,"/",B44,"/",C44,"/",D44) -> 1/052/064/0092 | G44: Angel Cornila Deyanthi Leanage Perera | H44: Teacher | I44: 22/D, Rajagaha Mawatha, Ekala, Ja-ela | J44: 967600571v | K44: Catholic | L44: 0767109694 | M44: deyanthileanage16@gmail.com | N44: 16 | O44: 9 | P44: 1996 | Q44: =DATE(P44,O44,N44) -> 35324 | R44: =(Academic!$G$7-Q44)/365 -> 29.323288 | S44: Female | T44: 2 | U44: 6 | V44: 2019 | W44: =DATE(V44,U44,T44) -> 43618 | X44: Yes | Z44: =DATEDIF(W44,TODAY(),"Y") -> 6 | AA44: =DATEDIF(W44,TODAY(),"YM") -> 7 | AB44: =DATEDIF(W44,TODAY(),"MD") -> 3 | AC44: =CONCATENATE(Z44,"Years","/",,AA44,"Months","/",AB44,"Days") -> 6Years/7Months/3Days | AD44: =(DATE(P44,O44,N44)+21915) -> 57239 | AE44: =DATEDIF(TODAY(),AD44,"Y") -> 30 | AF44: =DATEDIF(TODAY(),AD44,"YM") -> 8 | AG44: =DATEDIF(TODAY(),AD44,"MD") -> 11 | AH44: =CONCATENATE(AE44,"Years","/",AF44,"Months","/",AG44,"Days") -> 30Years/8Months/11Days | AI44: =CONCATENATE(AJ44,"years", " ",",", " ",AK44,"months ","and"," ",AL44,"days") -> 37years , 3months and 14days | AJ44: =DATEDIF(W44,AD44,"Y") -> 37 | AK44: =DATEDIF(W44,AD44,"YM") -> 3 | AL44: =DATEDIF(W44,AD44,"MD") -> 14
A45: 1 | B45: 052 | C45: 067 | D45: 0095 | E45: =CONCATENATE(A45,"/",B45,"/",C45,"/",D45) -> 1/052/067/0095 | G45: P M Randika S Fernando | H45: Teacher | I45: No. 175/5, St. Nicholas Road, Munnakkaraya, Negombo. | J45: 927472520v | K45: Catholic | L45: 0774641689 | M45: shehanifernando65@gmail.com | N45: 3 | O45: 9 | P45: 1992 | Q45: =DATE(P45,O45,N45) -> 33850 | R45: =(Academic!$G$7-Q45)/365 -> 33.361644 | S45: Female | T45: 1 | U45: 11 | V45: 2019 | W45: =DATE(V45,U45,T45) -> 43770 | X45: Yes | Z45: =DATEDIF(W45,TODAY(),"Y") -> 6 | AA45: =DATEDIF(W45,TODAY(),"YM") -> 2 | AB45: =DATEDIF(W45,TODAY(),"MD") -> 4 | AC45: =CONCATENATE(Z45,"Years","/",,AA45,"Months","/",AB45,"Days") -> 6Years/2Months/4Days | AD45: =(DATE(P45,O45,N45)+21915) -> 55765 | AE45: =DATEDIF(TODAY(),AD45,"Y") -> 26 | AF45: =DATEDIF(TODAY(),AD45,"YM") -> 7 | AG45: =DATEDIF(TODAY(),AD45,"MD") -> 29 | AH45: =CONCATENATE(AE45,"Years","/",AF45,"Months","/",AG45,"Days") -> 26Years/7Months/29Days | AI45: =CONCATENATE(AJ45,"years", " ",",", " ",AK45,"months ","and"," ",AL45,"days") -> 32years , 10months and 2days | AJ45: =DATEDIF(W45,AD45,"Y") -> 32 | AK45: =DATEDIF(W45,AD45,"YM") -> 10 | AL45: =DATEDIF(W45,AD45,"MD") -> 2
A46: 1 | B46: 052 | C46: 068 | D46: 0096 | E46: =CONCATENATE(A46,"/",B46,"/",C46,"/",D46) -> 1/052/068/0096 | G46: A Rumesh Dinuka Fernando | H46: Teacher | I46: 525/5, Halpe, Katana | J46: 901141100v | K46: Catholic | L46: 0713886733/0716375224 | M46: rumeshdinukafernando@gmail.com | N46: 23 | O46: 4 | P46: 1990 | Q46: =DATE(P46,O46,N46) -> 32986 | R46: =(Academic!$G$7-Q46)/365 -> 35.728767 | S46: Male | T46: 8 | U46: 1 | V46: 2020 | W46: =DATE(V46,U46,T46) -> 43838 | X46: Yes | Z46: =DATEDIF(W46,TODAY(),"Y") -> 5 | AA46: =DATEDIF(W46,TODAY(),"YM") -> 11 | AB46: =DATEDIF(W46,TODAY(),"MD") -> 28 | AC46: =CONCATENATE(Z46,"Years","/",,AA46,"Months","/",AB46,"Days") -> 5Years/11Months/28Days | AD46: =(DATE(P46,O46,N46)+21915) -> 54901 | AE46: =DATEDIF(TODAY(),AD46,"Y") -> 24 | AF46: =DATEDIF(TODAY(),AD46,"YM") -> 3 | AG46: =DATEDIF(TODAY(),AD46,"MD") -> 18 | AH46: =CONCATENATE(AE46,"Years","/",AF46,"Months","/",AG46,"Days") -> 24Years/3Months/18Days | AI46: =CONCATENATE(AJ46,"years", " ",",", " ",AK46,"months ","and"," ",AL46,"days") -> 30years , 3months and 15days | AJ46: =DATEDIF(W46,AD46,"Y") -> 30 | AK46: =DATEDIF(W46,AD46,"YM") -> 3 | AL46: =DATEDIF(W46,AD46,"MD") -> 15
A47: 1 | B47: 052 | C47: 070 | D47: 0098 | E47: =CONCATENATE(A47,"/",B47,"/",C47,"/",D47) -> 1/052/070/0098 | G47: H D J Sachini Wijewardana | H47: Teacher | I47: No. 196/3, St. Joseph Street, Negombo. | J47: 965122990v | K47: Catholic | L47: 0776866772 | M47: jithma.wijewardene@gmail.com | N47: 12 | O47: 1 | P47: 1996 | Q47: =DATE(P47,O47,N47) -> 35076 | R47: =(Academic!$G$7-Q47)/365 -> 30.00274 | S47: Female | T47: 15 | U47: 9 | V47: 2020 | W47: =DATE(V47,U47,T47) -> 44089 | X47: Yes | Z47: =DATEDIF(W47,TODAY(),"Y") -> 5 | AA47: =DATEDIF(W47,TODAY(),"YM") -> 3 | AB47: =DATEDIF(W47,TODAY(),"MD") -> 21 | AC47: =CONCATENATE(Z47,"Years","/",,AA47,"Months","/",AB47,"Days") -> 5Years/3Months/21Days | AD47: =(DATE(P47,O47,N47)+21915) -> 56991 | AE47: =DATEDIF(TODAY(),AD47,"Y") -> 30 | AF47: =DATEDIF(TODAY(),AD47,"YM") -> 0 | AG47: =DATEDIF(TODAY(),AD47,"MD") -> 7 | AH47: =CONCATENATE(AE47,"Years","/",AF47,"Months","/",AG47,"Days") -> 30Years/0Months/7Days | AI47: =CONCATENATE(AJ47,"years", " ",",", " ",AK47,"months ","and"," ",AL47,"days") -> 35years , 3months and 28days | AJ47: =DATEDIF(W47,AD47,"Y") -> 35 | AK47: =DATEDIF(W47,AD47,"YM") -> 3 | AL47: =DATEDIF(W47,AD47,"MD") -> 28
A48: 1 | B48: 052 | C48: 072 | D48: 0100 | E48: =CONCATENATE(A48,"/",B48,"/",C48,"/",D48) -> 1/052/072/0100 | G48: T M Marshally | H48: Teacher | I48: No. 34/7, Shramadana Mawatha, Eththukala, Negombo. | J48: 198977903296 | K48: Catholic | L48: 0779949887 | M48: mackey.marshally@gmail.com | N48: 5 | O48: 10 | P48: 1989 | Q48: =DATE(P48,O48,N48) -> 32786 | R48: =(Academic!$G$7-Q48)/365 -> 36.276712 | S48: Female | T48: 2 | U48: 10 | V48: 2020 | W48: =DATE(V48,U48,T48) -> 44106 | X48: Yes | Z48: =DATEDIF(W48,TODAY(),"Y") -> 5 | AA48: =DATEDIF(W48,TODAY(),"YM") -> 3 | AB48: =DATEDIF(W48,TODAY(),"MD") -> 3 | AC48: =CONCATENATE(Z48,"Years","/",,AA48,"Months","/",AB48,"Days") -> 5Years/3Months/3Days | AD48: =(DATE(P48,O48,N48)+21915) -> 54701 | AE48: =DATEDIF(TODAY(),AD48,"Y") -> 23 | AF48: =DATEDIF(TODAY(),AD48,"YM") -> 9 | AG48: =DATEDIF(TODAY(),AD48,"MD") -> 0 | AH48: =CONCATENATE(AE48,"Years","/",AF48,"Months","/",AG48,"Days") -> 23Years/9Months/0Days | AI48: =CONCATENATE(AJ48,"years", " ",",", " ",AK48,"months ","and"," ",AL48,"days") -> 29years , 0months and 3days | AJ48: =DATEDIF(W48,AD48,"Y") -> 29 | AK48: =DATEDIF(W48,AD48,"YM") -> 0 | AL48: =DATEDIF(W48,AD48,"MD") -> 3
A49: 1 | B49: 052 | C49: 074 | D49: 0102 | E49: =CONCATENATE(A49,"/",B49,"/",C49,"/",D49) -> 1/052/074/0102 | G49: Nadashan Niranjan | H49: Teacher | I49: No. 216/A, Bridgeland Estate, Manaweriya, Kochchikade. | J49: 901323712v | K49: Hindu | L49: 761887105 | M49: nirajazz6@gmail.com | N49: 11 | O49: 5 | P49: 1990 | Q49: =DATE(P49,O49,N49) -> 33004 | R49: =(Academic!$G$7-Q49)/365 -> 35.679452 | S49: Male | T49: 1 | U49: 7 | V49: 2021 | W49: =DATE(V49,U49,T49) -> 44378 | X49: Yes | Z49: =DATEDIF(W49,TODAY(),"Y") -> 4 | AA49: =DATEDIF(W49,TODAY(),"YM") -> 6 | AB49: =DATEDIF(W49,TODAY(),"MD") -> 4 | AC49: =CONCATENATE(Z49,"Years","/",,AA49,"Months","/",AB49,"Days") -> 4Years/6Months/4Days | AD49: =(DATE(P49,O49,N49)+21915) -> 54919 | AE49: =DATEDIF(TODAY(),AD49,"Y") -> 24 | AF49: =DATEDIF(TODAY(),AD49,"YM") -> 4 | AG49: =DATEDIF(TODAY(),AD49,"MD") -> 6 | AH49: =CONCATENATE(AE49,"Years","/",AF49,"Months","/",AG49,"Days") -> 24Years/4Months/6Days | AI49: =CONCATENATE(AJ49,"years", " ",",", " ",AK49,"months ","and"," ",AL49,"days") -> 28years , 10months and 10days | AJ49: =DATEDIF(W49,AD49,"Y") -> 28 | AK49: =DATEDIF(W49,AD49,"YM") -> 10 | AL49: =DATEDIF(W49,AD49,"MD") -> 10
A50: 1 | B50: 052 | C50: 085 | D50: 0113 | E50: =CONCATENATE(A50,"/",B50,"/",C50,"/",D50) -> 1/052/085/0113 | G50: D Arron Franklin | H50: Teacher | I50: No. 426, Main Street, Negombo. | J50: 199513810108 | K50: Catholic | L50: 777109627 | M50: darry.franklin@yahoo.com | N50: 17 | O50: 5 | P50: 1995 | Q50: =DATE(P50,O50,N50) -> 34836 | R50: =(Academic!$G$7-Q50)/365 -> 30.660274 | S50: Male | T50: 1 | U50: 7 | V50: 2022 | W50: =DATE(V50,U50,T50) -> 44743 | Z50: =DATEDIF(W50,TODAY(),"Y") -> 3 | AA50: =DATEDIF(W50,TODAY(),"YM") -> 6 | AB50: =DATEDIF(W50,TODAY(),"MD") -> 4 | AC50: =CONCATENATE(Z50,"Years","/",,AA50,"Months","/",AB50,"Days") -> 3Years/6Months/4Days | AD50: =(DATE(P50,O50,N50)+21915) -> 56751 | AE50: =DATEDIF(TODAY(),AD50,"Y") -> 29 | AF50: =DATEDIF(TODAY(),AD50,"YM") -> 4 | AG50: =DATEDIF(TODAY(),AD50,"MD") -> 12 | AH50: =CONCATENATE(AE50,"Years","/",AF50,"Months","/",AG50,"Days") -> 29Years/4Months/12Days | AI50: =CONCATENATE(AJ50,"years", " ",",", " ",AK50,"months ","and"," ",AL50,"days") -> 32years , 10months and 16days | AJ50: =DATEDIF(W50,AD50,"Y") -> 32 | AK50: =DATEDIF(W50,AD50,"YM") -> 10 | AL50: =DATEDIF(W50,AD50,"MD") -> 16
A51: 1 | B51: 052 | C51: 090 | D51: 0118 | E51: =CONCATENATE(A51,"/",B51,"/",C51,"/",D51) -> 1/052/090/0118 | G51: D M A Shyamalie Madurawala | H51: Deputy Principal | I51: No. 541/1, Shramadana Mawatha, Daluwakotuwa, Kochchikade,. | J51: 717112415v | K51: Catholic | L51: 0714803167 | M51: dmashaj@gmail.com | N51: 29 | O51: 7 | P51: 1971 | Q51: =DATE(P51,O51,N51) -> 26143 | R51: =(Academic!$G$7-Q51)/365 -> 54.476712 | S51: Female | T51: 1 | U51: 9 | V51: 2022 | W51: =DATE(V51,U51,T51) -> 44805 | Z51: =DATEDIF(W51,TODAY(),"Y") -> 3 | AA51: =DATEDIF(W51,TODAY(),"YM") -> 4 | AB51: =DATEDIF(W51,TODAY(),"MD") -> 4 | AC51: =CONCATENATE(Z51,"Years","/",,AA51,"Months","/",AB51,"Days") -> 3Years/4Months/4Days | AD51: =(DATE(P51,O51,N51)+21915) -> 48058 | AE51: =DATEDIF(TODAY(),AD51,"Y") -> 5 | AF51: =DATEDIF(TODAY(),AD51,"YM") -> 6 | AG51: =DATEDIF(TODAY(),AD51,"MD") -> 24 | AH51: =CONCATENATE(AE51,"Years","/",AF51,"Months","/",AG51,"Days") -> 5Years/6Months/24Days | AI51: =CONCATENATE(AJ51,"years", " ",",", " ",AK51,"months ","and"," ",AL51,"days") -> 8years , 10months and 28days | AJ51: =DATEDIF(W51,AD51,"Y") -> 8 | AK51: =DATEDIF(W51,AD51,"YM") -> 10 | AL51: =DATEDIF(W51,AD51,"MD") -> 28
A52: 1 | B52: 052 | C52: 092 | D52: 0120 | E52: =CONCATENATE(A52,"/",B52,"/",C52,"/",D52) -> 1/052/092/0120 | G52: Mihindukulasooriya Niroshani Fernando | H52: Teacher Assistant | I52: No. 86/03, Dalupotha Road, Thimbirigaskatuwa | J52: 878652673v | K52: Catholic | L52: 771320780 | M52: niroshanironey@gmail.com | N52: 30 | O52: 12 | P52: 1987 | Q52: =DATE(P52,O52,N52) -> 32141 | R52: =(Academic!$G$7-Q52)/365 -> 38.043836 | S52: Female | T52: 1 | U52: 10 | V52: 2022 | W52: =DATE(V52,U52,T52) -> 44835 | Z52: =DATEDIF(W52,TODAY(),"Y") -> 3 | AA52: =DATEDIF(W52,TODAY(),"YM") -> 3 | AB52: =DATEDIF(W52,TODAY(),"MD") -> 4 | AC52: =CONCATENATE(Z52,"Years","/",,AA52,"Months","/",AB52,"Days") -> 3Years/3Months/4Days | AD52: =(DATE(P52,O52,N52)+21915) -> 54056 | AE52: =DATEDIF(TODAY(),AD52,"Y") -> 21 | AF52: =DATEDIF(TODAY(),AD52,"YM") -> 11 | AG52: =DATEDIF(TODAY(),AD52,"MD") -> 25 | AH52: =CONCATENATE(AE52,"Years","/",AF52,"Months","/",AG52,"Days") -> 21Years/11Months/25Days | AI52: =CONCATENATE(AJ52,"years", " ",",", " ",AK52,"months ","and"," ",AL52,"days") -> 25years , 2months and 29days | AJ52: =DATEDIF(W52,AD52,"Y") -> 25 | AK52: =DATEDIF(W52,AD52,"YM") -> 2 | AL52: =DATEDIF(W52,AD52,"MD") -> 29
A53: 1 | B53: 052 | C53: 098 | D53: 0126 | E53: =CONCATENATE(A53,"/",B53,"/",C53,"/",D53) -> 1/052/098/0126 | G53: Handunpurage Dasuni Priyadarshika Fernando | H53: Teacher | I53: 39/1, Jaya Mawatha, Dalupotha, Negombo | J53: 200279010273 | K53: Catholic | L53: 0742166766 | M53: dasunifernando662@gmail.com | N53: 16 | O53: 10 | P53: 2002 | Q53: =DATE(P53,O53,N53) -> 37545 | R53: =(Academic!$G$7-Q53)/365 -> 23.238356 | S53: Female | T53: 3 | U53: 1 | V53: 2023 | W53: =DATE(V53,U53,T53) -> 44929 | Z53: =DATEDIF(W53,TODAY(),"Y") -> 3 | AA53: =DATEDIF(W53,TODAY(),"YM") -> 0 | AB53: =DATEDIF(W53,TODAY(),"MD") -> 2 | AC53: =CONCATENATE(Z53,"Years","/",,AA53,"Months","/",AB53,"Days") -> 3Years/0Months/2Days | AD53: =(DATE(P53,O53,N53)+21915) -> 59460 | AE53: =DATEDIF(TODAY(),AD53,"Y") -> 36 | AF53: =DATEDIF(TODAY(),AD53,"YM") -> 9 | AG53: =DATEDIF(TODAY(),AD53,"MD") -> 11 | AH53: =CONCATENATE(AE53,"Years","/",AF53,"Months","/",AG53,"Days") -> 36Years/9Months/11Days | AI53: =CONCATENATE(AJ53,"years", " ",",", " ",AK53,"months ","and"," ",AL53,"days") -> 39years , 9months and 13days | AJ53: =DATEDIF(W53,AD53,"Y") -> 39 | AK53: =DATEDIF(W53,AD53,"YM") -> 9 | AL53: =DATEDIF(W53,AD53,"MD") -> 13
A54: 1 | B54: 052 | C54: 099 | D54: 0127 | E54: =CONCATENATE(A54,"/",B54,"/",C54,"/",D54) -> 1/052/099/0127 | G54: Shrimali Alahakoon | H54: Part time teacher | I54: 42, Jayaratne Road, Negombo | J54: 766022057v | K54: Catholic | L54: 0773778772 | M54: shrimaliecon@gmail.com | N54: 11 | O54: 4 | P54: 1976 | Q54: =DATE(P54,O54,N54) -> 27861 | R54: =(Academic!$G$7-Q54)/365 -> 49.769863 | S54: Female | T54: 4 | U54: 1 | V54: 2023 | W54: =DATE(V54,U54,T54) -> 44930 | Z54: =DATEDIF(W54,TODAY(),"Y") -> 3 | AA54: =DATEDIF(W54,TODAY(),"YM") -> 0 | AB54: =DATEDIF(W54,TODAY(),"MD") -> 1 | AC54: =CONCATENATE(Z54,"Years","/",,AA54,"Months","/",AB54,"Days") -> 3Years/0Months/1Days | AD54: =(DATE(P54,O54,N54)+21915) -> 49776 | AE54: =DATEDIF(TODAY(),AD54,"Y") -> 10 | AF54: =DATEDIF(TODAY(),AD54,"YM") -> 3 | AG54: =DATEDIF(TODAY(),AD54,"MD") -> 6 | AH54: =CONCATENATE(AE54,"Years","/",AF54,"Months","/",AG54,"Days") -> 10Years/3Months/6Days | AI54: =CONCATENATE(AJ54,"years", " ",",", " ",AK54,"months ","and"," ",AL54,"days") -> 13years , 3months and 7days | AJ54: =DATEDIF(W54,AD54,"Y") -> 13 | AK54: =DATEDIF(W54,AD54,"YM") -> 3 | AL54: =DATEDIF(W54,AD54,"MD") -> 7
A55: 1 | B55: 052 | C55: 101 | D55: 0129 | E55: =CONCATENATE(A55,"/",B55,"/",C55,"/",D55) -> 1/052/101/0129 | G55: Hansini Fonseka | H55: Trainee Teacher | I55: 228/3, Ethgala Road, Kandawala, Katana. | J55: 975443213v | K55: Catholic | L55: 0766408153 | M55: hansinifonseka@gmail.com | N55: 13 | O55: 2 | P55: 1997 | Q55: =DATE(P55,O55,N55) -> 35474 | R55: =(Academic!$G$7-Q55)/365 -> 28.912329 | S55: Female | T55: 18 | U55: 10 | V55: 2022 | W55: =DATE(V55,U55,T55) -> 44852 | Y55: Yes | Z55: =DATEDIF(W55,TODAY(),"Y") -> 3 | AA55: =DATEDIF(W55,TODAY(),"YM") -> 2 | AB55: =DATEDIF(W55,TODAY(),"MD") -> 18 | AC55: =CONCATENATE(Z55,"Years","/",,AA55,"Months","/",AB55,"Days") -> 3Years/2Months/18Days | AD55: =(DATE(P55,O55,N55)+21915) -> 57389 | AE55: =DATEDIF(TODAY(),AD55,"Y") -> 31 | AF55: =DATEDIF(TODAY(),AD55,"YM") -> 1 | AG55: =DATEDIF(TODAY(),AD55,"MD") -> 8 | AH55: =CONCATENATE(AE55,"Years","/",AF55,"Months","/",AG55,"Days") -> 31Years/1Months/8Days | AI55: =CONCATENATE(AJ55,"years", " ",",", " ",AK55,"months ","and"," ",AL55,"days") -> 34years , 3months and 26days | AJ55: =DATEDIF(W55,AD55,"Y") -> 34 | AK55: =DATEDIF(W55,AD55,"YM") -> 3 | AL55: =DATEDIF(W55,AD55,"MD") -> 26
A56: 1 | B56: 052 | C56: 103 | D56: 0131 | E56: =CONCATENATE(A56,"/",B56,"/",C56,"/",D56) -> 1/052/103/0131 | G56: Nimesha Sewwandi Perera | H56: Trainee Teacher | I56: 48/2, Bolagala, Katana | J56: 976402073v | K56: Buddhist | L56: 0741323237 | M56: nimeshaperera9719@gmail.com | N56: 19 | O56: 7 | P56: 1997 | Q56: =DATE(P56,O56,N56) -> 35630 | R56: =(Academic!$G$7-Q56)/365 -> 28.484932 | S56: Female | Z56: =DATEDIF(W56,TODAY(),"Y") -> 126 | AA56: =DATEDIF(W56,TODAY(),"YM") -> 0 | AB56: =DATEDIF(W56,TODAY(),"MD") -> 5 | AC56: =CONCATENATE(Z56,"Years","/",,AA56,"Months","/",AB56,"Days") -> 126Years/0Months/5Days | AD56: =(DATE(P56,O56,N56)+21915) -> 57545 | AE56: =DATEDIF(TODAY(),AD56,"Y") -> 31 | AF56: =DATEDIF(TODAY(),AD56,"YM") -> 6 | AG56: =DATEDIF(TODAY(),AD56,"MD") -> 14 | AH56: =CONCATENATE(AE56,"Years","/",AF56,"Months","/",AG56,"Days") -> 31Years/6Months/14Days | AI56: =CONCATENATE(AJ56,"years", " ",",", " ",AK56,"months ","and"," ",AL56,"days") -> 157years , 6months and 19days | AJ56: =DATEDIF(W56,AD56,"Y") -> 157 | AK56: =DATEDIF(W56,AD56,"YM") -> 6 | AL56: =DATEDIF(W56,AD56,"MD") -> 19
A57: 1 | B57: 052 | C57: 104 | D57: 0132 | E57: =CONCATENATE(A57,"/",B57,"/",C57,"/",D57) -> 1/052/104/0132 | G57: Modarage Shavini Ravishka Fernando | H57: Shadow Teacher | I57: 21, Katuwapitiya South, Negombo | J57: 200078003546 | K57: Catholic | L57: 0764128084 | M57: shavinifernando6@gmail.com | N57: 6 | O57: 10 | P57: 2000 | Q57: =DATE(P57,O57,N57) -> 36805 | R57: =(Academic!$G$7-Q57)/365 -> 25.265753 | S57: Female | Z57: =DATEDIF(W57,TODAY(),"Y") -> 126 | AA57: =DATEDIF(W57,TODAY(),"YM") -> 0 | AB57: =DATEDIF(W57,TODAY(),"MD") -> 5 | AC57: =CONCATENATE(Z57,"Years","/",,AA57,"Months","/",AB57,"Days") -> 126Years/0Months/5Days | AD57: =(DATE(P57,O57,N57)+21915) -> 58720 | AE57: =DATEDIF(TODAY(),AD57,"Y") -> 34 | AF57: =DATEDIF(TODAY(),AD57,"YM") -> 9 | AG57: =DATEDIF(TODAY(),AD57,"MD") -> 1 | AH57: =CONCATENATE(AE57,"Years","/",AF57,"Months","/",AG57,"Days") -> 34Years/9Months/1Days | AI57: =CONCATENATE(AJ57,"years", " ",",", " ",AK57,"months ","and"," ",AL57,"days") -> 160years , 9months and 6days | AJ57: =DATEDIF(W57,AD57,"Y") -> 160 | AK57: =DATEDIF(W57,AD57,"YM") -> 9 | AL57: =DATEDIF(W57,AD57,"MD") -> 6
A58: 1 | B58: 052 | C58: 105 | D58: 0133 | E58: =CONCATENATE(A58,"/",B58,"/",C58,"/",D58) -> 1/052/105/0133 | G58: G V Krishani Hiroshi Wickramasinghe | H58: Shadow Teacher | I58: 62, Deniyaya Road, Dalupotha, Negombo. | J58: 200075201770 | K58: Catholic | L58: 0710696746 | M58: hiroshiwickramasinghe@gmail.com | N58: 8 | O58: 9 | P58: 2000 | Q58: =DATE(P58,O58,N58) -> 36777 | R58: =(Academic!$G$7-Q58)/365 -> 25.342466 | S58: Female | Z58: =DATEDIF(W58,TODAY(),"Y") -> 126 | AA58: =DATEDIF(W58,TODAY(),"YM") -> 0 | AB58: =DATEDIF(W58,TODAY(),"MD") -> 5 | AC58: =CONCATENATE(Z58,"Years","/",,AA58,"Months","/",AB58,"Days") -> 126Years/0Months/5Days | AD58: =(DATE(P58,O58,N58)+21915) -> 58692 | AE58: =DATEDIF(TODAY(),AD58,"Y") -> 34 | AF58: =DATEDIF(TODAY(),AD58,"YM") -> 8 | AG58: =DATEDIF(TODAY(),AD58,"MD") -> 3 | AH58: =CONCATENATE(AE58,"Years","/",AF58,"Months","/",AG58,"Days") -> 34Years/8Months/3Days | AI58: =CONCATENATE(AJ58,"years", " ",",", " ",AK58,"months ","and"," ",AL58,"days") -> 160years , 8months and 8days | AJ58: =DATEDIF(W58,AD58,"Y") -> 160 | AK58: =DATEDIF(W58,AD58,"YM") -> 8 | AL58: =DATEDIF(W58,AD58,"MD") -> 8
A59: 1 | B59: 052 | C59: 106 | D59: 0134 | E59: =CONCATENATE(A59,"/",B59,"/",C59,"/",D59) -> 1/052/106/0134 | G59: Suwetha Samadara | H59: Shadow Teacher | I59: 360/A, Central Garden, Kaluwarippuwa, Katana | J59: 200361011162 | K59: Catholic | L59: 0761025518 | M59: suwetha.samadara17@gmail.com | N59: 19 | O59: 4 | P59: 2003 | Q59: =DATE(P59,O59,N59) -> 37730 | R59: =(Academic!$G$7-Q59)/365 -> 22.731507 | S59: Female | Z59: =DATEDIF(W59,TODAY(),"Y") -> 126 | AA59: =DATEDIF(W59,TODAY(),"YM") -> 0 | AB59: =DATEDIF(W59,TODAY(),"MD") -> 5 | AC59: =CONCATENATE(Z59,"Years","/",,AA59,"Months","/",AB59,"Days") -> 126Years/0Months/5Days | AD59: =(DATE(P59,O59,N59)+21915) -> 59645 | AE59: =DATEDIF(TODAY(),AD59,"Y") -> 37 | AF59: =DATEDIF(TODAY(),AD59,"YM") -> 3 | AG59: =DATEDIF(TODAY(),AD59,"MD") -> 14 | AH59: =CONCATENATE(AE59,"Years","/",AF59,"Months","/",AG59,"Days") -> 37Years/3Months/14Days | AI59: =CONCATENATE(AJ59,"years", " ",",", " ",AK59,"months ","and"," ",AL59,"days") -> 163years , 3months and 19days | AJ59: =DATEDIF(W59,AD59,"Y") -> 163 | AK59: =DATEDIF(W59,AD59,"YM") -> 3 | AL59: =DATEDIF(W59,AD59,"MD") -> 19
A60: 1 | B60: 052 | C60: 109 | D60: 0137 | E60: =CONCATENATE(A60,"/",B60,"/",C60,"/",D60) -> 1/052/109/0137 | G60: Wijenarayana Mudiyanselage Sayani Sanchila | H60: Shadow Teacher | I60: J. 1/1, Malwatta, Galmankada, Kuliyapitiya. | J60: 200076102384 | K60: Catholic | L60: 0729073644 | M60: shainysanchila@gmail.com | N60: 17 | O60: 9 | P60: 2000 | Q60: =DATE(P60,O60,N60) -> 36786 | R60: =(Academic!$G$7-Q60)/365 -> 25.317808 | S60: Female | Z60: =DATEDIF(W60,TODAY(),"Y") -> 126 | AA60: =DATEDIF(W60,TODAY(),"YM") -> 0 | AB60: =DATEDIF(W60,TODAY(),"MD") -> 5 | AC60: =CONCATENATE(Z60,"Years","/",,AA60,"Months","/",AB60,"Days") -> 126Years/0Months/5Days | AD60: =(DATE(P60,O60,N60)+21915) -> 58701 | AE60: =DATEDIF(TODAY(),AD60,"Y") -> 34 | AF60: =DATEDIF(TODAY(),AD60,"YM") -> 8 | AG60: =DATEDIF(TODAY(),AD60,"MD") -> 12 | AH60: =CONCATENATE(AE60,"Years","/",AF60,"Months","/",AG60,"Days") -> 34Years/8Months/12Days | AI60: =CONCATENATE(AJ60,"years", " ",",", " ",AK60,"months ","and"," ",AL60,"days") -> 160years , 8months and 17days | AJ60: =DATEDIF(W60,AD60,"Y") -> 160 | AK60: =DATEDIF(W60,AD60,"YM") -> 8 | AL60: =DATEDIF(W60,AD60,"MD") -> 17
A61: 1 | B61: 052 | C61: 110 | D61: 0138 | E61: =CONCATENATE(A61,"/",B61,"/",C61,"/",D61) -> 1/052/110/0138 | G61: M P Madushi Priyanwada | H61: Shadow Teacher | I61: 34, De Silva Mawatha, Negombo | J61: 917410097v | K61: Buddhist | L61: 0777786670 | M61: madushix91@gmail.com | N61: 28 | O61: 8 | P61: 1991 | Q61: =DATE(P61,O61,N61) -> 33478 | R61: =(Academic!$G$7-Q61)/365 -> 34.380822 | S61: Female | Z61: =DATEDIF(W61,TODAY(),"Y") -> 126 | AA61: =DATEDIF(W61,TODAY(),"YM") -> 0 | AB61: =DATEDIF(W61,TODAY(),"MD") -> 5 | AC61: =CONCATENATE(Z61,"Years","/",,AA61,"Months","/",AB61,"Days") -> 126Years/0Months/5Days | AD61: =(DATE(P61,O61,N61)+21915) -> 55393 | AE61: =DATEDIF(TODAY(),AD61,"Y") -> 25 | AF61: =DATEDIF(TODAY(),AD61,"YM") -> 7 | AG61: =DATEDIF(TODAY(),AD61,"MD") -> 23 | AH61: =CONCATENATE(AE61,"Years","/",AF61,"Months","/",AG61,"Days") -> 25Years/7Months/23Days | AI61: =CONCATENATE(AJ61,"years", " ",",", " ",AK61,"months ","and"," ",AL61,"days") -> 151years , 7months and 28days | AJ61: =DATEDIF(W61,AD61,"Y") -> 151 | AK61: =DATEDIF(W61,AD61,"YM") -> 7 | AL61: =DATEDIF(W61,AD61,"MD") -> 28
A62: 1 | B62: 052 | C62: 114 | D62: 0142 | E62: =CONCATENATE(A62,"/",B62,"/",C62,"/",D62) -> 1/052/114/0142 | G62: Sachini Roberta | H62: Intern (Special Needs Unit) | I62: 9, Koswadiya, Mahawewa | J62: 200173510160 | K62: Buddhist | L62: 0763792126 | M62: sssrobertha@gmail.com | N62: 22 | O62: 8 | P62: 2001 | Q62: =DATE(P62,O62,N62) -> 37125 | R62: =(Academic!$G$7-Q62)/365 -> 24.389041 | S62: Female | Z62: =DATEDIF(W62,TODAY(),"Y") -> 126 | AA62: =DATEDIF(W62,TODAY(),"YM") -> 0 | AB62: =DATEDIF(W62,TODAY(),"MD") -> 5 | AC62: =CONCATENATE(Z62,"Years","/",,AA62,"Months","/",AB62,"Days") -> 126Years/0Months/5Days | AD62: =(DATE(P62,O62,N62)+21915) -> 59040 | AE62: =DATEDIF(TODAY(),AD62,"Y") -> 35 | AF62: =DATEDIF(TODAY(),AD62,"YM") -> 7 | AG62: =DATEDIF(TODAY(),AD62,"MD") -> 17 | AH62: =CONCATENATE(AE62,"Years","/",AF62,"Months","/",AG62,"Days") -> 35Years/7Months/17Days | AI62: =CONCATENATE(AJ62,"years", " ",",", " ",AK62,"months ","and"," ",AL62,"days") -> 161years , 7months and 22days | AJ62: =DATEDIF(W62,AD62,"Y") -> 161 | AK62: =DATEDIF(W62,AD62,"YM") -> 7 | AL62: =DATEDIF(W62,AD62,"MD") -> 22
A63: 1 | B63: 052 | C63: 115 | D63: 0143 | E63: =CONCATENATE(A63,"/",B63,"/",C63,"/",D63) -> 1/052/115/0143 | G63: Sharan Fernando | H63: Part time teacher | I63: 92, Polaga Estate, Kimbulapitiya | J63: 200012704100 | K63: Catholic | L63: 0768602361 | M63: sharanfernando@gmail.com | N63: 6 | O63: 5 | P63: 2000 | Q63: =DATE(P63,O63,N63) -> 36652 | R63: =(Academic!$G$7-Q63)/365 -> 25.684932 | S63: Male | T63: 3 | U63: 1 | V63: 2023 | W63: =DATE(V63,U63,T63) -> 44929 | Z63: =DATEDIF(W63,TODAY(),"Y") -> 3 | AA63: =DATEDIF(W63,TODAY(),"YM") -> 0 | AB63: =DATEDIF(W63,TODAY(),"MD") -> 2 | AC63: =CONCATENATE(Z63,"Years","/",,AA63,"Months","/",AB63,"Days") -> 3Years/0Months/2Days | AD63: =(DATE(P63,O63,N63)+21915) -> 58567 | AE63: =DATEDIF(TODAY(),AD63,"Y") -> 34 | AF63: =DATEDIF(TODAY(),AD63,"YM") -> 4 | AG63: =DATEDIF(TODAY(),AD63,"MD") -> 1 | AH63: =CONCATENATE(AE63,"Years","/",AF63,"Months","/",AG63,"Days") -> 34Years/4Months/1Days | AI63: =CONCATENATE(AJ63,"years", " ",",", " ",AK63,"months ","and"," ",AL63,"days") -> 37years , 4months and 3days | AJ63: =DATEDIF(W63,AD63,"Y") -> 37 | AK63: =DATEDIF(W63,AD63,"YM") -> 4 | AL63: =DATEDIF(W63,AD63,"MD") -> 3
A64: 1 | B64: 052 | C64: 122 | D64: 0275 | E64: =CONCATENATE(A64,"/",B64,"/",C64,"/",D64) -> 1/052/122/0275 | G64: Weerakkody Pathirannehelage Shanesh Kanchanamala Ranasinghe | H64: Teacher | I64: 31/3, Katana Road, Thimbirigaskatuwa | J64: 915862683V | K64: Buddhist | L64: 0779909881, 0312279118 | M64: shaneshranasinghe26@gmail.com | N64: 26 | O64: 3 | P64: 1991 | Q64: =DATE(P64,O64,N64) -> 33323 | R64: =(Academic!$G$7-Q64)/365 -> 34.805479 | S64: Female | T64: 4 | U64: 9 | V64: 2023 | W64: =DATE(V64,U64,T64) -> 45173 | Z64: =DATEDIF(W64,TODAY(),"Y") -> 2 | AA64: =DATEDIF(W64,TODAY(),"YM") -> 4 | AB64: =DATEDIF(W64,TODAY(),"MD") -> 1 | AC64: =CONCATENATE(Z64,"Years","/",,AA64,"Months","/",AB64,"Days") -> 2Years/4Months/1Days | AD64: =(DATE(P64,O64,N64)+21915) -> 55238 | AE64: =DATEDIF(TODAY(),AD64,"Y") -> 25 | AF64: =DATEDIF(TODAY(),AD64,"YM") -> 2 | AG64: =DATEDIF(TODAY(),AD64,"MD") -> 21 | AH64: =CONCATENATE(AE64,"Years","/",AF64,"Months","/",AG64,"Days") -> 25Years/2Months/21Days | AI64: =CONCATENATE(AJ64,"years", " ",",", " ",AK64,"months ","and"," ",AL64,"days") -> 27years , 6months and 22days | AJ64: =DATEDIF(W64,AD64,"Y") -> 27 | AK64: =DATEDIF(W64,AD64,"YM") -> 6 | AL64: =DATEDIF(W64,AD64,"MD") -> 22
E65: 38 emoved on 26.09.2024
F67: STIC
E68: 1/053/031/0174 | F68: Confirmed | G68: Ethige Ayeshi Nilandika Silva | H68: Teacher
E69: 1/053/035/0178 | F69: Confirmed | G69: Aththidi Panagoda Liyanage Dona Nashani Thakshila Maduwanthi | H69: Assistant Incharge Of Athletics
E70: 1/053/051/0194 | F70: Confirmed | G70: Batepolage Don Ashan Lakmal | H70: Teacher
E71: 1/053/053/0196 | F71: Confirmed | G71: Suzette Anne Ramona Jansz Fernando | H71: Teacher
E72: 1/053/056/0199 | F72: Contract | G72: Tharushi Hangsika Weckasinghe | H72: Teacher
E73: 1/053/060/0203 | F73: Contract | G73: Kurukulasooriya Shelan Lalitha Shashanka Fernando | H73: Teacher
E74: 1/053/068/0211 | F74: Confirmed | G74: Adhikari Mudiyanselage Rajeew Kaveendra Adhikari | H74: Teacher
E75: 1/053/075/0218 | F75: Contract | G75: Dona Tinali Janeesha Pothupitiya | H75: Teacher
E76: 1/053/077/0220 | F76: Contract | G76: Heenkenda Mudalige Dona Buddhini Perera | H76: Teacher - Pfe
E77: 1/053/078/0221 | F77: Contract | G77: Gorakanage Inuri Chamathka Dharithri De Silva | H77: Assistant Teacher - Pfe
E78: 1/053/080/0223 | F78: Contract | G78: Nidukshi Rangana Edirisinghe | H78: Trainee Teacher - Pfe
B80: placed on 13.08.2025 | E80: 1/053/023/0166 | F80: Confirmed | G80: Chathurngi Lankesha Fernando | H80: Teacher | I80: No.646/4,Nugagaha Road, Katunayake | J80: 856282244V | K80: Methodist | L80: 773697970 | M80: clankesha@gmail.com | N80: 7 | O80: 5 | P80: 1985 | Q80: 31174 | R80: 40.29589 | S80: Female | T80: 4 | U80: 1 | V80: 2017 | W80: 42739 | X80: Yes | Z80: 8 | AA80: 7 | AB80: 9 | AC80: 8Years/7Months/9Days | AD80: 53089 | AE80: 19 | AF80: 8 | AG80: 24 | AH80: 19Years/8Months/24Days | AI80: 28years , 4months and 3days | AJ80: 28 | AK80: 4 | AL80: 3
E81: 1/053/025/0168 | F81: Confirmed | G81: Deanna Theresa Anthony | H81: Teacher | I81: No. 4b 58 L, National Housing Scheme, Raddolugama | J81: 847803720V | K81: Roman Catholic | L81: 774164171 | M81: deannaanthony8@gmail.com | N81: 6 | O81: 10 | P81: 1984 | Q81: 30961 | R81: 40.879452 | S81: Female | T81: 24 | U81: 4 | V81: 2017 | W81: 42849 | X81: Yes | Z81: 8 | AA81: 3 | AB81: 20 | AC81: 8Years/3Months/20Days | AD81: 52876 | AE81: 19 | AF81: 1 | AG81: 23 | AH81: 19Years/1Months/23Days | AI81: 27years , 5months and 12days | AJ81: 27 | AK81: 5 | AL81: 12
E82: 1/053/104/0296 | F82: Confirmed | G82: Suzette Anne Ramona Jansz Fernando | H82: Teacher | I82: No. 110/E/1, Kudahakapola North, Ja Ela | J82: 847270349v | K82: ???? | L82: 777351285 | M82: ferram1484@gmail.com | N82: 14 | O82: 8 | P82: 1984 | Q82: 30908 | R82: 41.024658 | S82: Female | T82: 25 | U82: 8 | V82: 2023 | W82: 45163 | Z82: 1 | AA82: 11 | AB82: 19 | AC82: 1Years/11Months/19Days | AD82: 52823 | AE82: 19 | AF82: 0 | AG82: 1 | AH82: 19Years/0Months/1Days | AI82: 20years , 11months and 20days | AJ82: 20 | AK82: 11 | AL82: 20
E83: 1/053/072/0215 | F83: Confirmed | G83: Gardiyawasam Lindamulage Veronica Rashini De Silva | H83: Teacher | I83: No. 70b, Towerside City, Kadirana, Negombo | J83: 199979303923 | K83: Roman Catholic | L83: 774880422 | M83: rashinidesilva19@gmail.com | N83: 19 | O83: 10 | P83: 1999 | Q83: 36452 | R83: 25.835616 | S83: Female | T83: 12 | U83: 10 | V83: 2021 | W83: 44481 | Y83: Yes | Z83: 3 | AA83: 10 | AB83: 1 | AC83: 3Years/10Months/1Days | AD83: 58367 | AE83: 34 | AF83: 2 | AG83: 6 | AH83: 34Years/2Months/6Days | AI83: 38years , 0months and 7days | AJ83: 38 | AK83: 0 | AL83: 7 | AO83: 01.06.2023
E84: 1/053/059/0202 | F84: Confirmed | G84: Warnakulasuriya Juwan Warnage Sinendry Hidy Fernando | H84: Teacher | I84: 50/A, Rukmanidevi Mawatha, Negombo | J84: 200070202404 | K84: Roman Catholic | L84: 775757506 | M84: fernandosinendry@gmail.com | N84: 20 | O84: 7 | P84: 2000 | Q84: 36727 | R84: 25.082192 | S84: Female | T84: 27 | U84: 1 | V84: 2020 | W84: 43857 | Y84: Yes | Z84: 5 | AA84: 6 | AB84: 17 | AC84: 5Years/6Months/17Days | AD84: 58642 | AE84: 34 | AF84: 11 | AG84: 7 | AH84: 34Years/11Months/7Days | AI84: 40years , 5months and 23days | AJ84: 40 | AK84: 5 | AL84: 23

Sheet Sheet1
B3: BK Shelton Rodrigo
B4: 495B, Dakunu Pulluhena, Bopitiya, Pamunugama
B5: TIN | C5: 1/053/086/0229
B6: Date of Birth | C6: 21675
B7: 1st Appointment | C7: 44799
B8: Confirmed | C8: 26.02.2023
B10: KA Umesha PW Gunarathne
B11: 46/4 Millagahawatta, Amandoluwa, Seeduwa
B12: TIN | C12: 1/053/087/0230
B13: Date of Birth | C13: 34722
B14: 1st Appointment | C14: 44802
B15: Confirmed | C15: 01.03.2023
B17: AA Charmya Fernando
B18: No52: St. Juwam Mawatha, Nagoda, Kandana
B19: TIN | C19: 1/053/088/0231
B20: Date of Birth | C20: 34303
B21: 1st Appointment | C21: 44799
B22: Confirmed | C22: 26.02.2023
B24: GL Nimesha Mendis
B25: No: 58/3, Mount Calvary Road, Ja Ela
B26: TIN | C26: 1/053/090/0233
B27: Date of Birth | C27: 32672
B28: 1st Appointment | C28: 44799
B29: Confirmed | C29: 26.02.2023
B32: M Sharmila Mascrenghe
B33: 29/8 Norbert Mawalage Mawatha, Maradana Road, Hendala, Wattala
B34: TIN | C34: 1/053/092/0235
B35: Date of Birth | C35: 30037
B36: 1st Appointment | C36: 44830
B37: Confirmed | C37: 26.03.2023
B42: 1/053/091/0234 | C42: Probation | D42: 217/C, Galahitiyawa, Ganemulla | F42: 31646 | G42: 44812
B43: 1/053/094/0237 | C43: Probation | D43: 3198/6 Nelumpitiya Road, Thimbirigaskatuwa, Negombo | F43: 22515 | G43: 44799

Sheet Sheet2
B1: Information available as at 26.09.2024
A2: Teacher Identification Number (TIN) | B2: Present Category (Confirmed/Contract) | C2: Name in Full | D2: Designation
A4: 1/053/001/0144 | B4: N/A | C4: Rev. Fr. Sudam Perera | D4: Rector/principal
A5: 1/053/002/0145 | B5: N/A | C5: Rev. Fr. Jipson Fernando | D5: Vice rector
A6: 1/053/003/0146 | B6: N/A | C6: Rev. Fr. Sunil Weragoda | D6: Spiritual director
A7: 1/053/004/0147 | B7: Confirmed | C7: Rev. Sr. Thirasa Vasanthy Gnanapragasam | D7: Teacher
A8: 1/053/005/0148 | B8: Confirmed | C8: Rev.Sr.Rankothge Himali Winifred Rita Kumarasinghe | D8: Teacher
A9: 1/053/006/0149 | B9: Confirmed | C9: Rev. Sr. Indivary Justine Kumar | D9: Teacher
A10: 1/053/007/0150 | B10: Confirmed | C10: Chandramarakkalage Senani Srihali Harshani Silva | D10: Teacher
A11: 1/053/008/0151 | B11: Confirmed | C11: Mahamuge Anne Shalini Costa | D11: Teacher
A12: 1/053/009/0152 | B12: Confirmed | C12: Pillaliyanage Tiyasha Shayani Perera | D12: Teacher
A13: 1/053/010/0153 | B13: Confirmed | C13: Carmel Nimanthi Hettiarachchi | D13: Teacher
A14: 1/053/011/0154 | B14: Confirmed | C14: Wishanthi Soloman Janak | D14: Head Master Of Pti And Discipline Senior
... A97: 1/053/105/0297 | B97: Confirmed | C97: Hetti Arachchige Thakshala Damayanthi Hettiarachchi | D97: Teacher
A98: 1/053/106/0298 | C98: Anthiya Janath Misso | D98: Teacher
A99: 1/053/107/0299 | C99: Gnei Karen Fezliya Abbas | D99: Teacher
A100: 1/053/108/0300 | C100: Hettiarachchige Dona Shalini Wijewardena | D100: Teacher
A101: 1/053/109/0301 | C101: Kuranage Tania Shehani Perera | D101: Assistant Teacher
A102: 1/053/110/0302 | C102: Jayamaha Mudalige Don Vindya Sewwandi Jayamaha | D102: Teacher
A103: 1/053/111/0303 | C103: Warnakulasuriya Harsha Dinushka Fernando | D103: It Lab Assistant
A104: 1/053/112/0304 | C104: Karunanayaka Pathirajage Malki Krishmali Pathiraja | D104: Teacher
